-- Este archivo contiene datos generados automáticamente para pruebas
-- Inserts para la tabla Usuario
INSERT INTO Usuario (rut, nombre, email, usuario, password, tipo) VALUES
('52152464-6', 'Daniel Whitaker', 'daniel.whitaker@perez-stephenson.com', 'daniel17', 'kg7%n^4tnPB+', 'Revisor'),
('20606073-6', 'Jennifer Moss', 'jennifer.moss@james-munoz.com', 'jennifer89', 'BB21nZXo_1Fp', 'Revisor'),
('42566807-6', 'Clayton Middleton', 'clayton.middleton@kim.net', 'clayton44', 'q7Z!UZr28H(b', 'Autor'),
('19379419-4', 'Michael Valdez', 'michael.valdez@cook-gonzalez.net', 'michael49', 'b4Z9ph4q!SMx', 'Autor'),
('06040924-2', 'Suzanne Wallace', 'suzanne.wallace@brown-dougherty.com', 'suzanne50', ')cc2KEFeC9*k', 'Revisor'),
('17982959-8', 'Michael Johnson', 'michael.johnson@blevins.com', 'michael81', 'j_YAqO*Nx9G%', 'Autor'),
('14467363-0', 'Joshua Kennedy', 'joshua.kennedy@wolfe-williams.com', 'joshua39', 'MCukG8Ex6_3K', 'Autor'),
('98997034-9', 'Vanessa Anderson', 'vanessa.anderson@saunders.com', 'vanessa85', 'kkqG1Y4e)1%5', 'Autor'),
('62622039-4', 'Angela Scott', 'angela.scott@roberts-morrison.biz', 'angela71', 'WF!0FCmA!8uq', 'Jefe Comite de Programa'),
('88816864-0', 'Julie Miller', 'julie.miller@martin.org', 'julie91', 'z&HOnUo@x_8z', 'Jefe Comite de Programa');

-- Inserts para la tabla Autor
INSERT INTO Autor (rut) VALUES
('42566807-6'),
('19379419-4'),
('17982959-8'),
('14467363-0'),
('98997034-9');

-- Inserts para la tabla Revisor
INSERT INTO Revisor (rut) VALUES
('52152464-6'),
('20606073-6'),
('06040924-2');

-- Inserts para la tabla Topico
INSERT INTO Topico (nombre) VALUES
('Machine Learning'),
('Cloud Computing'),
('Cybersecurity'),
('Data Science'),
('Blockchain'),
('Artificial Intelligence'),
('Big Data'),
('Internet of Things'),
('Quantum Computing'),
('Augmented Reality');

-- Inserts para la tabla Articulo
INSERT INTO Articulo (titulo, resumen, fecha_envio, rut_autor, estado) VALUES
('Goal religious plan social.', 'Current ability party behind crime. Catch in dark much resource simple hard.', '2024-12-27', '14467363-0', 'En revisión'),
('Color call process themselves teacher.', 'High note newspaper trade night in sing. Nation growth several interview.', '2025-05-08', '14467363-0', 'Aprobado'),
('Doctor big medical.', 'South expect especially such charge. Property believe start get night.', '2025-04-05', '14467363-0', 'Rechazado'),
('Let again staff.', 'Before toward best believe. War education bring me reality laugh. Democratic there occur as answer.', '2024-07-25', '19379419-4', 'En revisión'),
('Size everything magazine.', 'Bit choice our actually.', '2025-01-25', '42566807-6', 'Rechazado'),
('After sign project great.', 'Role direction anything receive behavior.', '2025-03-22', '98997034-9', 'Rechazado'),
('Send sport reality situation.', 'Bank public eight foot perhaps strong. Head real art.', '2024-06-05', '42566807-6', 'Aprobado'),
('Point level federal today.', 'Institution fish trade contain wait. Major or boy find off.', '2024-07-15', '98997034-9', 'Rechazado'),
('Great reduce.', 'Board pretty science laugh certain. Particular name thing early travel. Pass put base physical.', '2025-01-03', '98997034-9', 'En revisión'),
('Serve third.', 'Hit let gas within true. Mother none opportunity open structure open through.', '2025-05-02', '17982959-8', 'En revisión'),
('Fall back support during.', 'Nation trial southern action with. Television explain that picture will sea.', '2025-03-03', '42566807-6', 'Rechazado'),
('Resource stage technology large knowledge.', 'Off over person over fall we window. Imagine main candidate sell something.', '2025-03-22', '42566807-6', 'En revisión'),
('Food point sign pressure industry.', 'Clear debate glass country. Popular take spend population throw physical.', '2024-11-02', '17982959-8', 'En revisión'),
('Value over.', 'Kind yes something. Interesting information find get deep. List explain owner across hit case.', '2024-06-06', '42566807-6', 'En revisión'),
('Become network address.', 'Crime yard recent hair approach. Gas until figure boy government soon.', '2024-08-03', '19379419-4', 'Aprobado'),
('Hold market present west.', 'Note act onto any scientist answer hour. Call reduce Mrs you. State dog unit speak card goal.', '2024-12-11', '14467363-0', 'En revisión'),
('Shake administration before late.', 'Receive trade blood as story. Nation could wide practice get dream system return.', '2025-01-12', '19379419-4', 'En revisión'),
('Onto population house involve.', 'Gun camera whole military fly word cultural. Lawyer program music month some stuff.', '2025-04-15', '14467363-0', 'Aprobado'),
('Only improve like hundred religious.', 'Sit prevent down various hard. First grow line bit reflect chance. Last lawyer store actually.', '2024-08-22', '19379419-4', 'Rechazado'),
('Call experience that son professor.', 'General draw once receive join himself community adult. Physical professor form in.', '2024-09-07', '19379419-4', 'En revisión'),
('Boy conference point.', 'Billion benefit course car pretty field although. Agent six according allow seem leg recent high.', '2024-10-13', '14467363-0', 'Aprobado'),
('Drive off.', 'Together she food finish yeah whom. Near offer reason everybody remember card accept.', '2024-10-23', '19379419-4', 'Aprobado'),
('Buy make.', 'Country may address. Standard career system let always anything kitchen. Break best herself push.', '2025-04-11', '42566807-6', 'Aprobado'),
('Expert responsibility where.', 'Reflect chair allow may argue. According travel age new senior choose factor.', '2024-08-21', '42566807-6', 'Aprobado'),
('Entire several effort but.', 'Pick executive answer fund treatment employee window. Ok whom miss Congress support grow option.', '2025-04-17', '17982959-8', 'Aprobado'),
('None current evening some.', 'Wonder nothing color thousand PM. How that dinner bar yeah actually wait.', '2024-08-10', '98997034-9', 'Rechazado'),
('Writer much college throughout.', 'Ten participant under very long ability both. Create town woman budget old it production.', '2025-01-22', '17982959-8', 'Rechazado'),
('Western popular away energy.', 'Drug color benefit believe level school politics. Although western section society her land have.', '2024-11-15', '98997034-9', 'En revisión'),
('Nor condition.', 'Whatever radio eye organization down seat. Energy fear talk help.', '2024-10-23', '19379419-4', 'Rechazado'),
('Buy artist section.', 'Service issue another tonight them. Accept thousand material receive I. Place teach marriage role.', '2024-08-11', '42566807-6', 'Rechazado'),
('Management where those.', 'Here this section worker push. Poor first between none.', '2024-11-13', '19379419-4', 'Rechazado'),
('Six interest.', 'Management food bit house. Any try capital education.', '2024-10-24', '98997034-9', 'Aprobado'),
('Which measure.', 'Next store commercial ok.', '2025-03-18', '98997034-9', 'Aprobado'),
('Final between.', 'Thought anything out go. Can degree sometimes politics those. Whatever word piece generation.', '2024-09-02', '14467363-0', 'Rechazado'),
('City local bed.', 'Impact there media detail be more. Direction know parent everything strategy during.', '2024-10-03', '98997034-9', 'Aprobado'),
('Physical source model then.', 'Sort power together eight sure six campaign. Information entire strong true carry top season.', '2025-04-27', '98997034-9', 'En revisión'),
('Seven tax through.', 'Simple their remain store name itself however. Century agent at allow.', '2024-12-01', '14467363-0', 'Aprobado'),
('Certain current occur.', 'Recognize do suddenly stock central do.
When prove star. Production five door.', '2024-09-14', '14467363-0', 'Rechazado'),
('Population late everything shake.', 'Plant all her.', '2024-12-05', '17982959-8', 'Rechazado'),
('Guess body hair.', 'White might travel own player peace. Couple would sell apply.', '2025-04-26', '42566807-6', 'En revisión'),
('Board thing federal each.', 'Republican trade write color. Prove sure decade pass.', '2025-03-30', '98997034-9', 'Rechazado'),
('Who enter money.', 'First provide establish write only. Position again direction red lead inside yard.', '2024-08-01', '42566807-6', 'Aprobado'),
('Material once cost western.', 'World would very summer.', '2024-08-28', '19379419-4', 'Rechazado'),
('Really security leader.', 'Option simple lead loss expert. Would sing history exist still high.', '2025-01-07', '19379419-4', 'Aprobado'),
('Stay sometimes chair everyone.', 'Condition single sure machine. List stage every night mind discover state.', '2025-02-23', '14467363-0', 'Rechazado'),
('Know turn energy media fall.', 'Ball seek collection hard approach unit. Husband big home.', '2025-05-10', '14467363-0', 'Rechazado'),
('About kid guy.', 'Room add listen need into between travel. Increase determine station during.', '2024-09-21', '42566807-6', 'Rechazado'),
('Area in Mrs.', 'Throughout when when kitchen shake. Culture film Mr high office.', '2024-11-20', '17982959-8', 'Rechazado'),
('Call court.', 'Truth mean address just huge employee real cut. Foreign rule others may take.', '2024-09-08', '98997034-9', 'Aprobado'),
('Happy activity.', 'Make although leader. Generation always both long other attack she this.', '2024-10-29', '19379419-4', 'En revisión');

-- Inserts para la tabla Articulo_Topico
INSERT INTO Articulo_Topico (id_articulo, id_topico) VALUES
(1, 9),
(2, 2),
(3, 1),
(4, 2),
(5, 9),
(6, 2),
(7, 3),
(8, 9),
(9, 4),
(10, 8),
(11, 4),
(12, 7),
(13, 5),
(14, 1),
(15, 2),
(16, 10),
(17, 8),
(18, 8),
(19, 2),
(20, 4),
(21, 4),
(22, 1),
(23, 9),
(24, 1),
(25, 6),
(26, 4),
(27, 9),
(28, 3),
(29, 9),
(30, 1),
(31, 3),
(32, 7),
(33, 8),
(34, 7),
(35, 10),
(36, 5),
(37, 3),
(38, 4),
(39, 6),
(40, 3),
(41, 10),
(42, 2),
(43, 2),
(44, 2),
(45, 7),
(46, 3),
(47, 8),
(48, 6),
(49, 4),
(50, 4);

-- Inserts para la tabla Evaluacion_Articulo
INSERT INTO Evaluacion_Articulo (id_articulo, rut_revisor, resena, calificacion) VALUES
(1, '20606073-6', 'Certainly budget alone own develop plan service.', 10),
(2, '52152464-6', 'Campaign fly American science bad until answer conference light side sister.', 6),
(3, '52152464-6', 'Point move every sing agreement idea south.', 3),
(4, '52152464-6', 'In star home near course the series put color actually every Republican born.', 8),
(5, '52152464-6', 'What brother ready him be company last pull.', 5),
(6, '20606073-6', 'Doctor imagine crime occur point month child.', 10),
(7, '52152464-6', 'Future hour admit long food not as accept clearly recognize use.', 1),
(8, '20606073-6', 'Trial attack information visit drive instead lead goal off.', 1),
(9, '52152464-6', 'Face test right simply garden point news Mrs feel if.', 10),
(10, '20606073-6', 'Total quality share west into glass different might.', 9),
(11, '06040924-2', 'Play listen stuff happen hand shake.', 6),
(12, '06040924-2', 'Its position maybe table day cell anything relate cover.', 7),
(13, '52152464-6', 'Dream couple pass treat face rich tax ahead daughter head.', 9),
(14, '52152464-6', 'Option same military ever cup plan amount method skill hold.', 1),
(15, '06040924-2', 'Floor operation may admit fly water born total table consumer.', 5),
(16, '52152464-6', 'Investment change because although black staff four area.', 10),
(17, '06040924-2', 'Employee north whose family quickly set.', 7),
(18, '52152464-6', 'Suddenly include final politics affect customer statement low structure.', 3),
(19, '52152464-6', 'Sort trouble summer particularly hit once knowledge rich skill deep.', 10),
(20, '52152464-6', 'Something three financial can pull process sister.', 5),
(21, '06040924-2', 'Decide size remain he writer along onto onto discuss late.', 10),
(22, '20606073-6', 'Soldier you issue money total situation town.', 6),
(23, '52152464-6', 'Reflect rather develop energy everyone single available may director.', 8),
(24, '06040924-2', 'Particularly so great eight you cut Mr back.', 3),
(25, '52152464-6', 'Affect spend address hope term decade way.', 8),
(26, '06040924-2', 'Pick natural middle see effort to bar.', 7),
(27, '52152464-6', 'Goal ever shake piece wide source trouble college every number order.', 7),
(28, '06040924-2', 'Individual number true begin give here small work.', 4),
(29, '52152464-6', 'None author tax hard tree same quality peace push just hospital customer.', 8),
(30, '20606073-6', 'Economy easy their could season both charge upon family place serious.', 2),
(31, '20606073-6', 'Economy over season cut growth couple professor.', 4),
(32, '52152464-6', 'You economic surface meet guy Mr if tend candidate war eight research age.', 2),
(33, '06040924-2', 'Nearly song baby edge soldier relationship at last we operation behind thus lawyer.', 6),
(34, '52152464-6', 'State Democrat offer movement return television value agency cut send who.', 7),
(35, '52152464-6', 'Thousand girl either claim she thing green executive black religious office street.', 2),
(36, '52152464-6', 'Read foot official animal painting fill heart indicate leader under sometimes ask.', 8),
(37, '52152464-6', 'Skill personal break adult care condition military.', 6),
(38, '20606073-6', 'Traditional begin source military likely information cell after oil.', 5),
(39, '20606073-6', 'Recognize black decide lose state including attention rock amount from never.', 7),
(40, '52152464-6', 'Born growth several physical effect miss within everything view control who research real.', 9),
(41, '06040924-2', 'Almost both however carry break image network local type town.', 5),
(42, '52152464-6', 'Program road you himself bill clearly painting lay.', 1),
(43, '52152464-6', 'With dream apply should reveal write life baby.', 8),
(44, '20606073-6', 'Step drug imagine thing rock account place especially.', 4),
(45, '06040924-2', 'Amount yeah letter authority live eat important case area.', 3),
(46, '52152464-6', 'Quality cover mean send hold picture economic win staff on others position available.', 8),
(47, '52152464-6', 'State night sing eat skin audience give mind thing course.', 10),
(48, '20606073-6', 'Since beat close good large office a avoid follow image trip officer.', 1),
(49, '52152464-6', 'Key news wish better hope short.', 1),
(50, '52152464-6', 'Carry ago campaign successful school interesting paper herself.', 1);

-- Inserts para la tabla Revisor_Topico
INSERT INTO Revisor_Topico (rut_revisor, id_topico) VALUES
('52152464-6', 5),
('20606073-6', 6),
('06040924-2', 7);
-- Inserts para la tabla Autor_Articulo
INSERT INTO Autor_Articulo (id_articulo, rut_autor, es_contacto) VALUES
(1, '42566807-6', True),
(1, '98997034-9', False),
(1, '17982959-8', False),
(2, '14467363-0', True),
(2, '17982959-8', False),
(2, '19379419-4', False),
(3, '17982959-8', True),
(3, '14467363-0', False),
(3, '42566807-6', False),
(4, '42566807-6', True),
(4, '19379419-4', False),
(5, '98997034-9', True),
(6, '42566807-6', True),
(6, '17982959-8', False),
(6, '14467363-0', False),
(7, '17982959-8', True),
(8, '98997034-9', True),
(8, '19379419-4', False),
(8, '17982959-8', False),
(9, '42566807-6', True),
(9, '17982959-8', False),
(10, '19379419-4', True),
(10, '42566807-6', False),
(11, '42566807-6', True),
(11, '19379419-4', False),
(11, '17982959-8', False),
(12, '14467363-0', True),
(12, '19379419-4', False),
(13, '19379419-4', True),
(14, '42566807-6', True),
(15, '42566807-6', True),
(15, '14467363-0', False),
(15, '98997034-9', False),
(16, '14467363-0', True),
(16, '17982959-8', False),
(16, '19379419-4', False),
(17, '19379419-4', True),
(18, '42566807-6', True),
(18, '17982959-8', False),
(19, '42566807-6', True),
(20, '19379419-4', True),
(21, '14467363-0', True),
(21, '17982959-8', False),
(22, '17982959-8', True),
(22, '98997034-9', False),
(23, '17982959-8', True),
(23, '42566807-6', False),
(23, '19379419-4', False),
(24, '14467363-0', True),
(25, '14467363-0', True),
(25, '19379419-4', False),
(25, '98997034-9', False),
(26, '98997034-9', True),
(26, '42566807-6', False),
(26, '14467363-0', False),
(27, '42566807-6', True),
(27, '19379419-4', False),
(27, '14467363-0', False),
(28, '98997034-9', True),
(29, '19379419-4', True),
(30, '17982959-8', True),
(30, '42566807-6', False),
(31, '17982959-8', True),
(32, '19379419-4', True),
(33, '19379419-4', True),
(33, '17982959-8', False),
(33, '42566807-6', False),
(34, '19379419-4', True),
(35, '17982959-8', True),
(35, '98997034-9', False),
(35, '19379419-4', False),
(36, '98997034-9', True),
(36, '42566807-6', False),
(37, '98997034-9', True),
(37, '42566807-6', False),
(38, '17982959-8', True),
(39, '17982959-8', True),
(39, '14467363-0', False),
(39, '98997034-9', False),
(40, '14467363-0', True),
(40, '17982959-8', False),
(40, '42566807-6', False),
(41, '19379419-4', True),
(41, '14467363-0', False),
(42, '14467363-0', True),
(43, '42566807-6', True),
(43, '17982959-8', False),
(44, '17982959-8', True),
(45, '17982959-8', True),
(45, '42566807-6', False),
(45, '98997034-9', False),
(46, '19379419-4', True),
(46, '98997034-9', False),
(46, '14467363-0', False),
(47, '17982959-8', True),
(47, '98997034-9', False),
(47, '19379419-4', False),
(48, '14467363-0', True),
(48, '98997034-9', False),
(49, '42566807-6', True),
(50, '42566807-6', True),
(50, '14467363-0', False),
(50, '98997034-9', False);
