SET FOREIGN_KEY_CHECKS = 0;
DELETE FROM Articulo_Revisor;
DELETE FROM Revisor;
DELETE FROM Usuario;

SET FOREIGN_KEY_CHECKS = 1;

-- Inserts para la tabla Usuario
INSERT INTO Usuario (rut, nombre, email, usuario, password, tipo) VALUES
('40262933-6', 'Kara Munoz', 'kara.munoz@ramos.org', 'kara33', '0Vp08x5i@!rp', 'Autor'),
('36716466-7', 'Jeffrey Vaughan', 'jeffrey.vaughan@smith.com', 'jeffrey63', '#ryRD9ekR3!U', 'Revisor'),
('07665123-4', 'Beverly Houston', 'beverly.houston@holloway.com', 'beverly48', '1yqGzxY(*hCx', 'Jefe Comite de Programa'),
('44116234-0', 'Adrienne Henry', 'adrienne.henry@snow.com', 'adrienne17', '#$h^7CIva%t^', 'Revisor'),
('17289904-2', 'Russell Moore', 'russell.moore@mccoy.biz', 'russell60', 'B!LCdeHY_52O', 'Jefe Comite de Programa'),
('02973637-0', 'Joseph Yang', 'joseph.yang@barnes.com', 'joseph49', 'dg9N6#mMY_cP', 'Autor'),
('70744270-7', 'Mary Pace', 'mary.pace@reynolds.com', 'mary43', 'Ckta5%kF_50A', 'Autor'),
('17014325-9', 'Gavin Clark', 'gavin.clark@price-barr.com', 'gavin62', '%_%1V32x!kZq', 'Autor'),
('27887190-5', 'Robert Johns', 'robert.johns@yang-mccormick.com', 'robert36', 'y^y!)4u&vf6I', 'Autor'),
('71652035-3', 'Tiffany Dunlap', 'tiffany.dunlap@oliver-ortega.com', 'tiffany26', 'l6ww6sU(H$6I', 'Revisor'),
('30555124-8', 'Revisor 1', 'revisor1@example.com', 'revisor1', 'password123', 'Revisor'),
('36351578-1', 'Revisor 2', 'revisor2@example.com', 'revisor2', 'password123', 'Revisor'),
('60374963-6', 'Revisor 3', 'revisor3@example.com', 'revisor3', 'password123', 'Revisor');

-- Inserts para la tabla Autor
INSERT INTO Autor (rut) VALUES
('40262933-6'),
('02973637-0'),
('70744270-7'),
('17014325-9'),
('27887190-5');

-- Inserts para la tabla Revisor
INSERT INTO Revisor (rut) VALUES
('36716466-7'),
('44116234-0'),
('71652035-3');

-- Inserts para la tabla Topico
INSERT INTO Topico (nombre) VALUES
('Machine Learning'),
('Cloud Computing'),
('Cybersecurity'),
('Data Science'),
('Blockchain'),
('Artificial Intelligence'),
('Big Data'),
('Internet of Things'),
('Quantum Computing'),
('Augmented Reality');

-- Inserts para la tabla Articulo
INSERT INTO Articulo (titulo, resumen, fecha_envio, rut_autor, estado) VALUES
('Situation water ever.', 'Fly research able writer yes those. Court she small gas cause. Perhaps grow TV read year tough.', '2024-10-17', '40262933-6', 'Aprobado'),
('Instead western never.', 'Deep central area line. Theory better break store weight network source.', '2024-09-25', '27887190-5', 'Aprobado'),
('Family front ready city around.', 'High city car woman room five address. Table concern body successful.', '2024-12-25', '02973637-0', 'En revisión'),
('How boy politics paper.', 'Send marriage without only. Organization whether card happen.
Tree popular word trip.', '2024-06-05', '40262933-6', 'Rechazado'),
('Summer easy so dream.', 'Model society move.', '2024-06-12', '70744270-7', 'Rechazado'),
('Big leader itself million.', 'Station court entire those final. Cost development fight lay outside region.', '2025-05-14', '40262933-6', 'Rechazado'),
('Stop see else least.', 'Point assume house leave learn really fill appear. Thing place inside coach run.', '2024-10-27', '17014325-9', 'Rechazado'),
('Serve property particular.', 'Owner still whose school.', '2025-02-17', '17014325-9', 'Aprobado'),
('Push senior indicate yard.', 'Century share describe help reason on item. Through stand task indicate feel.', '2024-12-28', '27887190-5', 'Aprobado'),
('Team quickly now key.', 'Finish cup south really result. Spend participant bad task or.', '2024-07-02', '27887190-5', 'Rechazado'),
('Note describe crime.', 'Out wind attorney know school election particular loss. Radio wide oil star thousand stock.', '2024-10-27', '40262933-6', 'En revisión'),
('Citizen blood forget.', 'Message its safe color. Arrive thus man general.', '2024-08-06', '02973637-0', 'En revisión'),
('Event quite.', 'Finally of center month make kind they. Step significant behind.', '2025-03-09', '17014325-9', 'En revisión'),
('Show break.', 'Relate consumer worry it. Past lawyer low hospital.', '2025-02-04', '17014325-9', 'En revisión'),
('Ground a career bring everybody.', 'Serve great house or religious kid choose.', '2025-02-10', '27887190-5', 'En revisión'),
('Among drug trial then.', 'Edge election share also allow expert represent. Senior its end history summer.', '2024-12-07', '70744270-7', 'Rechazado'),
('Within system site whole.', 'Force deal less should. Like stuff fear own health yeah rather.', '2024-07-16', '17014325-9', 'En revisión'),
('Training west.', 'Analysis woman west moment TV five individual. Participant today find value.', '2024-06-24', '17014325-9', 'Rechazado'),
('Including there.', 'Hotel letter general sister quite defense.', '2025-03-14', '27887190-5', 'En revisión'),
('Fine fill trip full.', 'Worry everyone technology. Pick worker anything black.', '2024-11-06', '70744270-7', 'Rechazado'),
('Herself war sure.', 'She everyone high word. Military wide whatever include daughter animal beat.', '2024-06-13', '17014325-9', 'Aprobado'),
('Question bar task owner.', 'Care bit example growth inside may under. Perform glass pass charge of art.', '2024-11-10', '40262933-6', 'Aprobado'),
('Speak own down.', 'Risk simply prepare health. Cost voice start operation decade teach.', '2025-04-12', '40262933-6', 'En revisión'),
('Life inside join necessary trade.', 'Hope economy lead. Poor claim nor. Animal phone of value city main.', '2024-12-28', '17014325-9', 'En revisión'),
('Raise difficult.', 'Bill group do always radio. Work soon executive piece arm.', '2025-02-11', '17014325-9', 'Rechazado'),
('Family trial relationship.', 'Tree give Mr.', '2024-05-31', '40262933-6', 'Rechazado'),
('Reflect believe six military land.', 'Why fight blood peace. Itself before debate agent before deep want. Bar theory last.', '2024-08-21', '02973637-0', 'Aprobado'),
('Important as culture.', 'Together today five matter side. Painting institution officer official since picture.', '2025-03-24', '40262933-6', 'En revisión'),
('Small bar new experience.', 'Too speak produce. Particular resource much base.
Number others along. Central huge bit reach.', '2025-05-16', '02973637-0', 'En revisión'),
('Senior special challenge.', 'Generation raise record feeling. Specific else much watch talk.', '2025-04-12', '17014325-9', 'Aprobado'),
('Magazine consumer focus.', 'Stand growth property wonder give machine budget movie. Her smile today anything someone cultural.', '2025-04-28', '70744270-7', 'Rechazado'),
('Sort fill season.', 'Each beat democratic feeling. Produce model detail interview matter star.', '2025-02-01', '27887190-5', 'Aprobado'),
('Get represent above.', 'In debate community start such.', '2025-01-13', '27887190-5', 'Rechazado'),
('Money peace enough tend.', 'North happy in song of. Next where better skill.', '2025-04-25', '40262933-6', 'Rechazado'),
('Its training piece front.', 'Evening night sense so. Within see before establish letter.', '2025-04-10', '17014325-9', 'Rechazado'),
('Leave fact enter today top.', 'For pass right already yourself hot. Popular particular drug real ground meet address.', '2025-03-15', '70744270-7', 'Aprobado'),
('Deal could shake artist.', 'Sometimes ball decision drug guess attorney. Word movie rest level too spend daughter do.', '2024-06-14', '17014325-9', 'Rechazado'),
('Over become sit mind.', 'Two fear majority forward form six program.', '2024-11-30', '40262933-6', 'Rechazado'),
('Despite certain know blood reality.', 'Space meeting son contain. Job make well money yourself education professional.', '2024-10-08', '27887190-5', 'En revisión'),
('Situation hour American.', 'Middle mouth image. Yeah yeah sense.', '2024-12-07', '70744270-7', 'Rechazado'),
('East material.', 'Not Congress adult. Never ago tough long window maybe.
I edge discuss be learn police.', '2024-12-31', '70744270-7', 'En revisión'),
('Help body ahead discover culture.', 'Sometimes wife career activity. Sister early step into anyone.', '2024-11-08', '70744270-7', 'Rechazado'),
('Fly similar role.', 'Figure body wish wife charge. Factor thought plan wrong memory pay. According lot represent there.', '2024-07-08', '27887190-5', 'En revisión'),
('Eight light front grow.', 'However individual across go ground. Fill cover it major.', '2024-06-11', '02973637-0', 'Aprobado'),
('Central network.', 'Follow decide medical site stay. Newspaper stage among film hair already father already.', '2024-06-27', '17014325-9', 'Aprobado'),
('Lay then.', 'Environmental site news. Cover send central study.', '2024-06-22', '17014325-9', 'En revisión'),
('Reflect difference yet.', 'Bit pressure add else degree shoulder. Wrong make number allow.', '2025-04-26', '17014325-9', 'En revisión'),
('Open discuss old former impact.', 'Born next foreign office wall. American eight blue under.', '2024-10-02', '02973637-0', 'En revisión'),
('Card college you.', 'Ball peace drop protect year else. Soldier stock start of rest. Provide report pick grow.', '2024-07-01', '17014325-9', 'En revisión'),
('Home but decade care.', 'Early board wish least every. Laugh relationship move office. Drive player space seek.', '2025-03-24', '40262933-6', 'Aprobado');

-- Inserts para la tabla Articulo_Topico
INSERT INTO Articulo_Topico (id_articulo, id_topico) VALUES
(1, 2),
(2, 8),
(3, 2),
(4, 9),
(5, 2),
(6, 6),
(7, 9),
(8, 2),
(9, 1),
(10, 8),
(11, 3),
(12, 2),
(13, 7),
(14, 3),
(15, 1),
(16, 3),
(17, 9),
(18, 5),
(19, 3),
(20, 7),
(21, 8),
(22, 3),
(23, 1),
(24, 6),
(25, 2),
(26, 8),
(27, 2),
(28, 8),
(29, 6),
(30, 10),
(31, 7),
(32, 5),
(33, 7),
(34, 9),
(35, 2),
(36, 7),
(37, 5),
(38, 3),
(39, 8),
(40, 9),
(41, 1),
(42, 5),
(43, 8),
(44, 8),
(45, 1),
(46, 5),
(47, 3),
(48, 10),
(49, 7),
(50, 1);

-- Inserts para la tabla Evaluacion_Articulo
INSERT INTO Evaluacion_Articulo (id_articulo, rut_revisor, resena, calificacion) VALUES
(1, '36716466-7', 'Student learn ok surface share ahead artist within entire space short whole.', 10),
(2, '71652035-3', 'Provide cultural organization laugh top cover he born listen bar model back allow.', 2),
(3, '71652035-3', 'Commercial because be respond exactly about.', 5),
(4, '36716466-7', 'Picture everybody the him and author hit design early far soldier blood large.', 8),
(5, '44116234-0', 'Administration rest might toward cover national decision.', 6),
(6, '71652035-3', 'Since month try standard country assume offer stuff story well prepare try goal.', 7),
(7, '36716466-7', 'Read executive TV yourself establish day who but culture mouth part real security.', 8),
(8, '44116234-0', 'Part wear peace fine edge close.', 7),
(9, '71652035-3', 'Although drug at participant third hear exactly benefit practice seem win.', 8),
(10, '36716466-7', 'Employee business small environment hour friend case we.', 5),
(11, '36716466-7', 'Health often mind best run information campaign finally size popular.', 10),
(12, '71652035-3', 'From step learn agreement Mrs watch compare require personal.', 1),
(13, '44116234-0', 'Art expert majority suggest usually particular leg environmental assume among concern cell surface.', 7),
(14, '44116234-0', 'Magazine provide benefit common on ground weight budget floor sea hospital.', 8),
(15, '36716466-7', 'Visit specific together movie color interview stage raise bring.', 7),
(16, '71652035-3', 'Cause public list theory individual large might exist chance three short some.', 1),
(17, '71652035-3', 'Hit southern need rise former get safe color central push let art your.', 1),
(18, '44116234-0', 'Enjoy these health blood describe worry somebody factor month.', 7),
(19, '36716466-7', 'Up gas charge PM administration rise material politics perform attention huge ten.', 8),
(20, '36716466-7', 'Risk avoid step wear business simple current article build increase marriage either security.', 4),
(21, '71652035-3', 'Cost do rule professional community thank affect.', 3),
(22, '36716466-7', 'Wide oil live before position wall score by improve.', 4),
(23, '44116234-0', 'Material people now box my most open remain.', 3),
(24, '36716466-7', 'Sit art value political in side movie surface next across but.', 4),
(25, '71652035-3', 'Sure technology point better body difficult cost dark his.', 8),
(26, '71652035-3', 'Cover response another ever could black since maybe sense simply part.', 10),
(27, '71652035-3', 'Recognize president how home condition special since security investment detail agree.', 4),
(28, '71652035-3', 'Else civil meet list catch seek.', 2),
(29, '44116234-0', 'Imagine capital Mr operation suddenly same success probably.', 8),
(30, '71652035-3', 'Agree hair research data fine institution our peace laugh even history reason defense.', 6),
(31, '44116234-0', 'Concern can student poor spring tell despite.', 9),
(32, '44116234-0', 'She system without practice first think article difference quality senior before blood nothing.', 4),
(33, '36716466-7', 'Exactly state road put drive guess voice manage medical.', 7),
(34, '71652035-3', 'Price hear treatment think even whom total beyond call loss.', 5),
(35, '71652035-3', 'Image risk approach degree station common television idea property.', 6),
(36, '44116234-0', 'Meeting history before often culture morning reflect newspaper baby.', 8),
(37, '44116234-0', 'Then practice this describe whole provide mission pull some strong individual model.', 8),
(38, '71652035-3', 'Whom prevent their chance night practice.', 10),
(39, '44116234-0', 'Shake action side cold much page child model treat kid.', 3),
(40, '71652035-3', 'Tell vote fight to human picture physical.', 2),
(41, '44116234-0', 'Protect win market staff final probably heart without.', 1),
(42, '36716466-7', 'Wall drive price study example more.', 7),
(43, '36716466-7', 'Never kid as woman table news.', 4),
(44, '36716466-7', 'Build create sometimes however miss teach.', 7),
(45, '71652035-3', 'Yard part produce sell beautiful hour day factor international anyone him share true.', 9),
(46, '44116234-0', 'Until religious morning dog mission short side general rate open occur position final.', 5),
(47, '44116234-0', 'Develop effect face action speech course improve board and allow.', 2),
(48, '36716466-7', 'Some sort guy college local head month cover above scene bring.', 9),
(49, '71652035-3', 'Race teacher perhaps hard let cold help him enter research employee on.', 3),
(50, '71652035-3', 'Either own participant pass no on great consumer Democrat.', 5);

-- Inserts para la tabla Revisor_Topico
INSERT INTO Revisor_Topico (rut_revisor, id_topico) VALUES
('36716466-7', 9),
('44116234-0', 9),
('71652035-3', 4);
-- Inserts para la tabla Autor_Articulo
INSERT INTO Autor_Articulo (id_articulo, rut_autor, es_contacto) VALUES
(1, '27887190-5', 1),
(1, '02973637-0', 0),
(1, '17014325-9', 0),
(2, '02973637-0', 1),
(2, '27887190-5', 0),
(2, '70744270-7', 0),
(3, '70744270-7', 1),
(4, '17014325-9', 1),
(5, '70744270-7', 1),
(5, '17014325-9', 0),
(5, '27887190-5', 0),
(6, '17014325-9', 1),
(6, '70744270-7', 0),
(6, '40262933-6', 0),
(7, '70744270-7', 1),
(7, '17014325-9', 0),
(8, '17014325-9', 1),
(9, '27887190-5', 1),
(9, '40262933-6', 0),
(9, '70744270-7', 0),
(10, '27887190-5', 1),
(11, '70744270-7', 1),
(11, '27887190-5', 0),
(12, '27887190-5', 1),
(13, '40262933-6', 1),
(13, '27887190-5', 0),
(14, '17014325-9', 1),
(14, '40262933-6', 0),
(15, '17014325-9', 1),
(15, '40262933-6', 0),
(16, '40262933-6', 1),
(16, '17014325-9', 0),
(16, '70744270-7', 0),
(17, '02973637-0', 1),
(17, '70744270-7', 0),
(17, '17014325-9', 0),
(18, '17014325-9', 1),
(18, '02973637-0', 0),
(19, '27887190-5', 1),
(20, '70744270-7', 1),
(20, '27887190-5', 0),
(21, '40262933-6', 1),
(21, '02973637-0', 0),
(22, '27887190-5', 1),
(23, '02973637-0', 1),
(23, '27887190-5', 0),
(23, '70744270-7', 0),
(24, '40262933-6', 1),
(25, '17014325-9', 1),
(25, '02973637-0', 0),
(25, '70744270-7', 0),
(26, '02973637-0', 1),
(27, '17014325-9', 1),
(28, '27887190-5', 1),
(28, '70744270-7', 0),
(29, '17014325-9', 1),
(29, '27887190-5', 0),
(29, '02973637-0', 0),
(30, '40262933-6', 1),
(30, '17014325-9', 0),
(30, '02973637-0', 0),
(31, '27887190-5', 1),
(31, '70744270-7', 0),
(31, '40262933-6', 0),
(32, '17014325-9', 1),
(33, '40262933-6', 1),
(33, '02973637-0', 0),
(34, '70744270-7', 1),
(35, '40262933-6', 1),
(35, '02973637-0', 0),
(35, '70744270-7', 0),
(36, '27887190-5', 1),
(37, '02973637-0', 1),
(37, '40262933-6', 0),
(37, '70744270-7', 0),
(38, '02973637-0', 1),
(39, '40262933-6', 1),
(40, '27887190-5', 1),
(40, '02973637-0', 0),
(41, '40262933-6', 1),
(41, '27887190-5', 0),
(41, '70744270-7', 0),
(42, '40262933-6', 1),
(43, '70744270-7', 1),
(44, '40262933-6', 1),
(44, '27887190-5', 0),
(44, '02973637-0', 0),
(45, '27887190-5', 1),
(46, '40262933-6', 1),
(46, '70744270-7', 0),
(47, '02973637-0', 1),
(48, '40262933-6', 1),
(49, '17014325-9', 1),
(49, '40262933-6', 0),
(50, '70744270-7', 1),
(50, '40262933-6', 0);

-- Inserts para la tabla Articulo_Revisor
INSERT INTO Articulo_Revisor (id_articulo, rut_revisor) VALUES
(1, '36716466-7'),
(2, '71652035-3'),
(2, '44116234-0'),
(3, '71652035-3'),
(4, '71652035-3'),
(5, '36716466-7'),
(6, '44116234-0'),
(6, '36716466-7'),
(7, '36716466-7'),
(8, '36716466-7'),
(8, '44116234-0'),
(9, '71652035-3'),
(10, '71652035-3'),
(11, '36716466-7'),
(12, '44116234-0'),
(12, '71652035-3'),
(13, '71652035-3'),
(14, '36716466-7'),
(15, '71652035-3'),
(15, '36716466-7'),
(16, '44116234-0'),
(17, '36716466-7'),
(17, '71652035-3'),
(18, '44116234-0'),
(19, '71652035-3'),
(20, '36716466-7'),
(21, '71652035-3'),
(21, '36716466-7'),
(22, '36716466-7'),
(22, '44116234-0'),
(23, '71652035-3'),
(24, '44116234-0'),
(25, '36716466-7'),
(26, '71652035-3'),
(27, '71652035-3'),
(27, '36716466-7'),
(28, '36716466-7'),
(28, '44116234-0'),
(29, '71652035-3'),
(30, '71652035-3'),
(30, '44116234-0'),
(31, '71652035-3'),
(31, '44116234-0'),
(32, '71652035-3'),
(33, '71652035-3'),
(34, '44116234-0'),
(35, '36716466-7'),
(36, '44116234-0'),
(37, '44116234-0'),
(37, '71652035-3'),
(38, '44116234-0'),
(39, '71652035-3'),
(40, '71652035-3'),
(41, '36716466-7'),
(42, '36716466-7'),
(42, '71652035-3'),
(43, '44116234-0'),
(44, '36716466-7'),
(45, '36716466-7'),
(46, '71652035-3'),
(46, '44116234-0'),
(47, '71652035-3'),
(47, '44116234-0'),
(48, '44116234-0'),
(49, '71652035-3'),
(49, '44116234-0'),
(50, '71652035-3'),
(50, '44116234-0');

