SET FOREIGN_KEY_CHECKS = 0;
DELETE FROM Articulo_Revisor;
DELETE FROM Revisor;
DELETE FROM Usuario;

SET FOREIGN_KEY_CHECKS = 1;

-- Inserts para la tabla Usuario
INSERT INTO Usuario (rut, nombre, email, usuario, password, tipo) VALUES
('83448102-6', 'Carol Olson', 'carol.olson@santos-moon.net', 'carol65', '%7N(rjYb4gAB', 'Revisor'),
('71545479-9', 'Anthony Williams', 'anthony.williams@anderson.org', 'anthony39', 'vap!4Ld#F3AZ', 'Autor'),
('89185659-9', 'Kristina Bell', 'kristina.bell@kim.com', 'kristina22', '_OJEK8y!jD6y', 'Revisor'),
('79494131-3', 'Jason Cruz', 'jason.cruz@david-jones.com', 'jason46', 'kId7Ubkh^pQZ', 'Autor'),
('60731459-2', 'Brandon King', 'brandon.king@wright-morales.com', 'brandon19', 'ozM37KUVL^94', 'Revisor'),
('57023064-6', 'Scott Henson', 'scott.henson@simpson-hayes.org', 'scott23', 'h0IEf8aX&0M+', 'Revisor'),
('25325071-1', 'Jonathon Jones', 'jonathon.jones@gilbert.com', 'jonathon41', 'N37P9dzD$NMH', 'Jefe Comite de Programa'),
('46486970-2', 'George Carter', 'george.carter@rodriguez-duncan.com', 'george91', '27#YG96jhR37', 'Revisor'),
('90440385-2', 'Martin Martinez', 'martin.martinez@williams-williams.biz', 'martin47', '&17sJmezY$RH', 'Jefe Comite de Programa'),
('69625595-2', 'David Hill', 'david.hill@hines.net', 'david99', 'eW1EpTPpo#)V', 'Revisor'),
('52631359-7', 'Revisor 1', 'revisor1@example.com', 'revisor1', 'password123', 'Revisor'),
('23161353-7', 'Revisor 2', 'revisor2@example.com', 'revisor2', 'password123', 'Revisor'),
('96597256-0', 'Revisor 3', 'revisor3@example.com', 'revisor3', 'password123', 'Revisor'),
('33038048-2', 'Revisor 4', 'revisor4@example.com', 'revisor4', 'password123', 'Revisor'),
('39104886-8', 'Revisor 5', 'revisor5@example.com', 'revisor5', 'password123', 'Revisor'),
('47180152-7', 'Revisor 6', 'revisor6@example.com', 'revisor6', 'password123', 'Revisor');

-- Inserts para la tabla Autor
INSERT INTO Autor (rut) VALUES
('71545479-9'),
('79494131-3');

-- Inserts para la tabla Revisor
INSERT INTO Revisor (rut) VALUES
('83448102-6'),
('89185659-9'),
('60731459-2'),
('57023064-6'),
('46486970-2'),
('69625595-2');

-- Inserts para la tabla Topico
INSERT INTO Topico (nombre) VALUES
('Machine Learning'),
('Cloud Computing'),
('Cybersecurity'),
('Data Science'),
('Blockchain'),
('Artificial Intelligence'),
('Big Data'),
('Internet of Things'),
('Quantum Computing'),
('Augmented Reality');

-- Inserts para la tabla Articulo
INSERT INTO Articulo (titulo, resumen, fecha_envio, rut_autor, estado) VALUES
('Television avoid.', 'Large laugh hit. About beautiful step pull daughter test.', '2024-10-31', '71545479-9', 'Aprobado'),
('Memory appear yet sister beautiful.', 'Top sometimes they trouble miss color already. Even race office instead.', '2024-11-30', '71545479-9', 'En revisión'),
('Participant next operation.', 'Single center real exactly mother special.', '2024-08-25', '79494131-3', 'En revisión'),
('Identify mother chance rate.', 'Form already site those exist. Scientist large check share bit present.', '2024-06-05', '71545479-9', 'En revisión'),
('Commercial occur debate such.', 'Increase accept student television few better. Discussion smile again still.', '2024-10-03', '79494131-3', 'Aprobado'),
('Rich run when.', 'Job collection partner black four character arm. Bar of anything save smile.', '2024-10-01', '79494131-3', 'Rechazado'),
('Land voice wide under more.', 'Imagine let whose pull. Available cost sure time able.
Our late nor.', '2024-05-22', '71545479-9', 'Aprobado'),
('Recently high prove region in.', 'So resource rise my arrive parent. Evidence base physical I spring.', '2025-03-13', '79494131-3', 'En revisión'),
('Group population kind.', 'Popular send give tough son marriage. Scientist type fear in.', '2025-05-07', '79494131-3', 'En revisión'),
('Management skin think issue.', 'While forward reduce thus side certain. Sister measure dog address baby attention green.', '2024-08-12', '79494131-3', 'Rechazado'),
('Market foot eat.', 'Support where be country item use. Type candidate maintain nice form weight.', '2024-12-25', '71545479-9', 'En revisión'),
('Range know often.', 'May left food country after tend. Finish suddenly society collection sell commercial moment.', '2025-03-03', '71545479-9', 'Rechazado'),
('Same source trial.', 'Treat laugh administration there party sell. Money job agency side compare black six.', '2024-06-16', '71545479-9', 'En revisión'),
('Financial charge order.', 'Center religious pattern mouth those his kid. Television simple night then.', '2025-01-27', '79494131-3', 'Aprobado'),
('Blue window because.', 'Style analysis shake be blue. Protect reality some.', '2024-10-27', '79494131-3', 'Rechazado'),
('Reality painting business.', 'Radio since box modern improve water. Want American radio away study form. Group walk spend.', '2024-06-07', '79494131-3', 'Aprobado'),
('However finally third less.', 'Leave arm however anyone former standard. Left tonight maintain air evening cultural paper.', '2025-03-23', '79494131-3', 'Aprobado'),
('Grow check.', 'Base for attack performance accept. Cover past choice realize civil south town.', '2024-09-02', '79494131-3', 'Aprobado'),
('Need change wall college.', 'All system senior. Section rule part best well. Our discuss if approach.', '2024-06-03', '79494131-3', 'Rechazado'),
('Model community throw board ground.', 'Key who would. Camera southern heart skill test face past.
Staff school one treatment present boy.', '2024-08-18', '71545479-9', 'Rechazado'),
('Face lot tree keep.', 'American have support next. Of worker popular agent together.', '2024-11-21', '71545479-9', 'En revisión'),
('Alone cover cold.', 'Power especially often stage. Fill growth morning purpose.', '2025-03-05', '71545479-9', 'Aprobado'),
('Agree respond else.', 'Maintain customer image four theory age best. Wall protect report herself dog about.', '2025-02-26', '79494131-3', 'Rechazado'),
('Time employee.', 'That ground method pressure price your. Member single appear course.', '2024-10-20', '79494131-3', 'Rechazado'),
('Develop home real reveal.', 'Behind hope often experience tough.
Even compare head suffer both.', '2025-03-23', '79494131-3', 'Aprobado'),
('Herself mention here.', 'Understand fact military concern itself present. Girl success pass imagine page I far.', '2024-11-18', '79494131-3', 'Rechazado'),
('Health head.', 'Finish true tell order clearly time.', '2025-01-31', '79494131-3', 'En revisión'),
('Class ball.', 'Exist remember participant suggest term. Later future system ahead brother pick.', '2025-02-03', '71545479-9', 'Rechazado'),
('Agency performance wear.', 'Save score last evidence. Process leg forget day turn perhaps.', '2024-11-27', '71545479-9', 'En revisión'),
('Way might for audience.', 'Party smile adult. Very performance decision your attention current stay build.', '2024-09-28', '71545479-9', 'Rechazado'),
('Truth sort.', 'Add production reflect necessary later. Traditional something laugh reveal world.', '2024-06-29', '71545479-9', 'Rechazado'),
('Determine name.', 'Enter your democratic quality he.', '2025-03-27', '79494131-3', 'En revisión'),
('Doctor sport need.', 'Year floor read possible each writer new.', '2025-01-04', '79494131-3', 'Aprobado'),
('Medical glass lead.', 'Act purpose again eight. Stand whatever television stuff despite economic treatment.', '2025-01-02', '71545479-9', 'Aprobado'),
('Line computer forget off.', 'After fund project assume score. You let class heavy high low new.
East appear tough.', '2025-03-05', '79494131-3', 'Aprobado'),
('Head detail.', 'Natural rather rock look support. Could blue determine perform wind throughout.', '2025-04-15', '79494131-3', 'En revisión'),
('Majority strong.', 'South production may fine. Fall close wish yeah. Woman cup build support return.', '2024-08-20', '79494131-3', 'En revisión'),
('Send station.', 'Most single guy. Book reduce realize tax about.
Defense ahead family question sign soldier.', '2024-11-04', '71545479-9', 'Rechazado'),
('Into apply.', 'Get energy heavy develop scientist specific piece. Material region feel respond.', '2024-10-10', '71545479-9', 'Rechazado'),
('Weight professional idea.', 'Her want treat son hospital knowledge. Prove picture pick make same final military.', '2024-07-22', '71545479-9', 'Rechazado'),
('Long ago question career.', 'Political notice theory tend main all night. Yeah sort professional pressure.', '2025-03-04', '71545479-9', 'En revisión'),
('Soon east reflect assume responsibility.', 'Practice need natural wind bill method. Enter citizen amount country no us.', '2024-05-18', '79494131-3', 'En revisión'),
('Home scientist.', 'Concern five participant accept new music air. Young campaign the better across.', '2024-10-09', '71545479-9', 'Aprobado'),
('Determine environment town information.', 'Left almost list available seat full provide book. Sign customer management nice.', '2024-11-27', '71545479-9', 'En revisión'),
('Present stage pick standard kid.', 'Bring rest management field. Report suffer hot building company only.', '2024-07-21', '79494131-3', 'Aprobado'),
('Yes push chance light that.', 'Window side treat approach see.', '2025-03-24', '71545479-9', 'En revisión'),
('Quality six party degree.', 'Bit employee north window life drive listen course. Them top position others nice same.', '2024-06-03', '71545479-9', 'Rechazado'),
('Coach pressure majority.', 'Argue foot sister along where board southern green. Everything its fear.', '2025-01-24', '71545479-9', 'Aprobado'),
('Stop source under the say.', 'Feel visit quite make himself he.
Indeed throw no stop. While beat event.', '2025-01-30', '79494131-3', 'Rechazado'),
('Response development common.', 'Star national instead. Knowledge example attack be simple town economy.', '2024-08-07', '79494131-3', 'En revisión');

-- Inserts para la tabla Articulo_Topico
INSERT INTO Articulo_Topico (id_articulo, id_topico) VALUES
(1, 6),
(2, 10),
(3, 1),
(4, 9),
(5, 9),
(6, 2),
(7, 7),
(8, 4),
(9, 5),
(10, 10),
(11, 10),
(12, 3),
(13, 3),
(14, 1),
(15, 5),
(16, 3),
(17, 9),
(18, 9),
(19, 5),
(20, 2),
(21, 5),
(22, 10),
(23, 5),
(24, 5),
(25, 4),
(26, 8),
(27, 1),
(28, 9),
(29, 6),
(30, 5),
(31, 10),
(32, 8),
(33, 9),
(34, 9),
(35, 1),
(36, 9),
(37, 10),
(38, 9),
(39, 6),
(40, 4),
(41, 10),
(42, 7),
(43, 8),
(44, 3),
(45, 6),
(46, 2),
(47, 7),
(48, 4),
(49, 10),
(50, 3);

-- Inserts para la tabla Evaluacion_Articulo
INSERT INTO Evaluacion_Articulo (id_articulo, rut_revisor, resena, calificacion) VALUES
(1, '83448102-6', 'Road let move yeah get not institution before.', 2),
(2, '46486970-2', 'Better wear behavior region sell various space opportunity start candidate successful site each.', 3),
(3, '83448102-6', 'With teach analysis look lose oil.', 1),
(4, '69625595-2', 'This without either still scientist real page painting loss suffer drop color not.', 10),
(5, '89185659-9', 'Mean country player strong human run identify.', 9),
(6, '60731459-2', 'Cost bed field cup arrive or responsibility box everything.', 5),
(7, '46486970-2', 'Challenge think race lay nice help join career.', 10),
(8, '46486970-2', 'Read question move quickly free until really finally concern.', 1),
(9, '89185659-9', 'Cultural recently to society skin enjoy it senior practice foot tree.', 4),
(10, '69625595-2', 'Three chair tough night several light water him reason bill.', 4),
(11, '60731459-2', 'Growth author fight century foreign present fast him.', 7),
(12, '89185659-9', 'Say whether customer yet arrive style win in.', 4),
(13, '69625595-2', 'Management effort quite generation gun identify evidence type large hospital soon center.', 7),
(14, '89185659-9', 'Class country range image back political however sister say push term responsibility new.', 10),
(15, '83448102-6', 'Leader power which center low off common.', 3),
(16, '69625595-2', 'Company after worker land institution set wife rate risk travel do official.', 8),
(17, '89185659-9', 'Early process never happy particularly few center economic specific certainly run economic.', 7),
(18, '89185659-9', 'Draw establish color week season bag boy enter democratic relationship poor pass order.', 5),
(19, '83448102-6', 'Special kitchen bag account walk respond visit major can most family.', 8),
(20, '46486970-2', 'Black certainly try stock cold available.', 2),
(21, '69625595-2', 'Little nation pattern if total represent assume public.', 1),
(22, '69625595-2', 'Couple school mouth young avoid live culture first the.', 4),
(23, '46486970-2', 'Have purpose example society example child career Mr community experience western artist heart trade.', 10),
(24, '46486970-2', 'Give discussion follow heavy several dinner of between.', 9),
(25, '89185659-9', 'Billion environment once foot well interview fish movement office benefit scientist administration.', 9),
(26, '89185659-9', 'Involve me recognize structure which girl interview tell fast feeling.', 10),
(27, '60731459-2', 'Hand vote government blood produce possible miss onto what attorney.', 7),
(28, '69625595-2', 'After develop them knowledge law help maybe.', 3),
(29, '89185659-9', 'Car rise usually call center affect better visit use exist heart.', 3),
(30, '69625595-2', 'Develop woman figure morning safe particular opportunity thing.', 10),
(31, '69625595-2', 'Different speak local according likely college leader military war mind line language help nature.', 9),
(32, '69625595-2', 'Travel military too east continue modern entire man behind own enough.', 6),
(33, '89185659-9', 'Throw easy card letter our boy film pattern statement respond measure kitchen necessary.', 3),
(34, '60731459-2', 'Look break others second meeting strategy care.', 3),
(35, '89185659-9', 'Defense step fact itself hot compare behind according husband director.', 1),
(36, '46486970-2', 'Type list worker foot audience point.', 1),
(37, '60731459-2', 'And order discussion perhaps forward reason western policy yourself strategy.', 4),
(38, '83448102-6', 'Plan method positive watch across view sign any.', 2),
(39, '60731459-2', 'Manage off everybody teacher this significant develop weight.', 1),
(40, '83448102-6', 'Identify body recently film industry foreign guess then break soldier generation.', 6),
(41, '83448102-6', 'Final moment activity ability usually arrive memory.', 10),
(42, '60731459-2', 'Red difficult individual art issue condition choice general least four.', 7),
(43, '83448102-6', 'Month image chair service commercial condition big career civil sister.', 8),
(44, '83448102-6', 'Choice from that door property kid past trip cultural plan work employee.', 3),
(45, '83448102-6', 'Activity trade data record apply same individual same.', 2),
(46, '60731459-2', 'They my benefit everything born enough way election truth table themselves letter quality.', 3),
(47, '57023064-6', 'Television seem wind not maybe condition morning wear worker.', 3),
(48, '60731459-2', 'Case western job understand pressure owner bank month wear way idea.', 10),
(49, '60731459-2', 'Boy thing pattern wind here sometimes example sense morning beautiful.', 3),
(50, '69625595-2', 'Home necessary attention later weight image.', 7);

-- Inserts para la tabla Revisor_Topico
INSERT INTO Revisor_Topico (rut_revisor, id_topico) VALUES
('83448102-6', 10),
('89185659-9', 7),
('60731459-2', 2),
('57023064-6', 10),
('46486970-2', 7),
('69625595-2', 1);
-- Inserts para la tabla Autor_Articulo
INSERT INTO Autor_Articulo (id_articulo, rut_autor, es_contacto) VALUES
(1, '71545479-9', 1),
(1, '79494131-3', 0),
(2, '79494131-3', 1),
(2, '71545479-9', 0),
(3, '79494131-3', 1),
(3, '71545479-9', 0),
(4, '71545479-9', 1),
(4, '79494131-3', 0),
(5, '71545479-9', 1),
(5, '79494131-3', 0),
(6, '79494131-3', 1),
(7, '79494131-3', 1),
(8, '71545479-9', 1),
(8, '79494131-3', 0),
(9, '71545479-9', 1),
(10, '79494131-3', 1),
(10, '71545479-9', 0),
(11, '71545479-9', 1),
(12, '71545479-9', 1),
(12, '79494131-3', 0),
(13, '79494131-3', 1),
(14, '71545479-9', 1),
(15, '79494131-3', 1),
(15, '71545479-9', 0),
(16, '71545479-9', 1),
(17, '79494131-3', 1),
(18, '71545479-9', 1),
(19, '79494131-3', 1),
(19, '71545479-9', 0),
(20, '79494131-3', 1),
(20, '71545479-9', 0),
(21, '79494131-3', 1),
(22, '71545479-9', 1),
(23, '71545479-9', 1),
(24, '79494131-3', 1),
(24, '71545479-9', 0),
(25, '71545479-9', 1),
(25, '79494131-3', 0),
(26, '79494131-3', 1),
(26, '71545479-9', 0),
(27, '79494131-3', 1),
(27, '71545479-9', 0),
(28, '71545479-9', 1),
(28, '79494131-3', 0),
(29, '79494131-3', 1),
(29, '71545479-9', 0),
(30, '79494131-3', 1),
(31, '79494131-3', 1),
(32, '71545479-9', 1),
(33, '79494131-3', 1),
(34, '71545479-9', 1),
(35, '71545479-9', 1),
(35, '79494131-3', 0),
(36, '79494131-3', 1),
(36, '71545479-9', 0),
(37, '71545479-9', 1),
(37, '79494131-3', 0),
(38, '79494131-3', 1),
(38, '71545479-9', 0),
(39, '79494131-3', 1),
(40, '79494131-3', 1),
(40, '71545479-9', 0),
(41, '79494131-3', 1),
(41, '71545479-9', 0),
(42, '79494131-3', 1),
(43, '71545479-9', 1),
(44, '71545479-9', 1),
(45, '71545479-9', 1),
(45, '79494131-3', 0),
(46, '79494131-3', 1),
(46, '71545479-9', 0),
(47, '79494131-3', 1),
(48, '71545479-9', 1),
(49, '79494131-3', 1),
(49, '71545479-9', 0),
(50, '71545479-9', 1),
(50, '79494131-3', 0);

-- Inserts para la tabla Articulo_Revisor
INSERT INTO Articulo_Revisor (id_articulo, rut_revisor) VALUES
(1, '69625595-2'),
(2, '89185659-9'),
(3, '60731459-2'),
(3, '69625595-2'),
(4, '83448102-6'),
(5, '60731459-2'),
(5, '83448102-6'),
(6, '46486970-2'),
(6, '89185659-9'),
(7, '89185659-9'),
(8, '69625595-2'),
(9, '60731459-2'),
(9, '69625595-2'),
(10, '60731459-2'),
(11, '46486970-2'),
(11, '89185659-9'),
(12, '60731459-2'),
(12, '83448102-6'),
(13, '60731459-2'),
(13, '46486970-2'),
(14, '69625595-2'),
(14, '60731459-2'),
(15, '83448102-6'),
(16, '57023064-6'),
(17, '57023064-6'),
(17, '69625595-2'),
(18, '57023064-6'),
(19, '57023064-6'),
(19, '69625595-2'),
(20, '46486970-2'),
(20, '57023064-6'),
(21, '83448102-6'),
(22, '57023064-6'),
(23, '83448102-6'),
(24, '83448102-6'),
(24, '69625595-2'),
(25, '83448102-6'),
(25, '57023064-6'),
(26, '83448102-6'),
(26, '69625595-2'),
(27, '46486970-2'),
(28, '46486970-2'),
(29, '57023064-6'),
(30, '60731459-2'),
(30, '83448102-6'),
(31, '46486970-2'),
(31, '83448102-6'),
(32, '69625595-2'),
(33, '46486970-2'),
(34, '57023064-6'),
(35, '46486970-2'),
(36, '46486970-2'),
(36, '60731459-2'),
(37, '83448102-6'),
(38, '89185659-9'),
(38, '83448102-6'),
(39, '57023064-6'),
(39, '83448102-6'),
(40, '69625595-2'),
(40, '46486970-2'),
(41, '89185659-9'),
(42, '46486970-2'),
(43, '57023064-6'),
(44, '89185659-9'),
(44, '46486970-2'),
(45, '69625595-2'),
(46, '60731459-2'),
(47, '60731459-2'),
(48, '83448102-6'),
(49, '83448102-6'),
(50, '89185659-9');

