SET FOREIGN_KEY_CHECKS = 0;
DELETE FROM Articulo_Revisor;
DELETE FROM Revisor;
DELETE FROM Usuario;

SET FOREIGN_KEY_CHECKS = 1;

-- Inserts para la tabla Usuario
INSERT INTO Usuario (rut, nombre, email, usuario, password, tipo) VALUES
('61885926-2', 'Adam Hartman', 'adam.hartman@liu-davis.com', 'adam21', '$22GkJjGEX8F', 'Revisor'),
('53880489-4', 'Patrick Jones', 'patrick.jones@hamilton-miller.biz', 'patrick28', '$#PYxGkw#6Vu', 'Jefe Comite de Programa'),
('14793906-2', 'Danny Rangel', 'danny.rangel@fisher.com', 'danny75', '3+(3XzW%$zwJ', 'Revisor'),
('41478198-2', 'Richard Mcmahon', 'richard.mcmahon@williams-hernandez.com', 'richard32', '_t+l^$9m&ID6', 'Revisor'),
('17714530-8', 'Michael Kim', 'michael.kim@reeves.com', 'michael95', '6Wc&l22S@+D_', 'Autor'),
('17554017-8', 'Larry Lara', 'larry.lara@sanders-robinson.com', 'larry73', '+$MtUbqv81+Y', 'Jefe Comite de Programa'),
('15654797-4', 'Kelly Berry', 'kelly.berry@francis.com', 'kelly12', '65lH@KPj&2_X', 'Jefe Comite de Programa'),
('61793516-1', 'Matthew Rollins', 'matthew.rollins@gillespie.com', 'matthew15', '39bWz7N*_V6a', 'Autor'),
('17429895-6', 'Austin Johnson', 'austin.johnson@baxter.com', 'austin19', 'Z+LL6XrCKi9k', 'Jefe Comite de Programa'),
('72390076-7', 'William White', 'william.white@rose.com', 'william79', '%JFi5MSvzT&E', 'Revisor'),
('50555915-7', 'Revisor 1', 'revisor1@example.com', 'revisor1', 'password123', 'Revisor'),
('75009951-1', 'Revisor 2', 'revisor2@example.com', 'revisor2', 'password123', 'Revisor'),
('94031190-4', 'Revisor 3', 'revisor3@example.com', 'revisor3', 'password123', 'Revisor'),
('67439635-6', 'Revisor 4', 'revisor4@example.com', 'revisor4', 'password123', 'Revisor');

-- Inserts para la tabla Autor
INSERT INTO Autor (rut) VALUES
('17714530-8'),
('61793516-1');

-- Inserts para la tabla Revisor
INSERT INTO Revisor (rut, nombre) VALUES
('61885926-2', 'Adam Hartman'),
('14793906-2', 'Danny Rangel'),
('41478198-2', 'Richard Mcmahon'),
('72390076-7', 'William White');

-- Inserts para la tabla Topico
INSERT INTO Topico (nombre) VALUES
('Machine Learning'),
('Cloud Computing'),
('Cybersecurity'),
('Data Science'),
('Blockchain'),
('Artificial Intelligence'),
('Big Data'),
('Internet of Things'),
('Quantum Computing'),
('Augmented Reality');

-- Inserts para la tabla Articulo
INSERT INTO Articulo (titulo, resumen, fecha_envio, rut_autor, estado) VALUES
('Foot need.', 'Model probably want. Yes certainly deal personal power.', '2025-03-24', '61793516-1', 'Aprobado'),
('Smile land interest.', 'High involve feel result take off. Middle camera wonder goal.', '2025-01-24', '61793516-1', 'En revisión'),
('Recently ahead far kitchen.', 'First finally these head able almost. Nice standard hotel least life send beyond. Yes land a near.', '2024-12-08', '61793516-1', 'Rechazado'),
('Mouth still finish nearly.', 'Name special after election. Some cell issue goal. Rather trial box cause.', '2024-07-05', '61793516-1', 'En revisión'),
('Between memory.', 'Blood pretty resource place born study both.
Care plan crime even. Trip move current be choice.', '2024-06-17', '61793516-1', 'Rechazado'),
('Key fact door center.', 'Get exist notice price foot sense. Peace teach majority.', '2024-06-15', '17714530-8', 'Rechazado'),
('Level machine feel once.', 'Reduce population clearly large ball. Agency account democratic.', '2025-02-16', '17714530-8', 'En revisión'),
('Happy network.', 'Special family toward politics. Fast foreign type sister art hundred general.', '2024-09-05', '61793516-1', 'Rechazado'),
('Meeting deep all amount see.', 'Girl player few present father create attention. Participant stand best employee whether fire.', '2024-05-30', '17714530-8', 'En revisión'),
('Husband personal budget tree.', 'Measure serious much. Difficult that through box goal low push.', '2024-10-08', '61793516-1', 'Rechazado'),
('Medical poor we threat.', 'Action hair continue rise author management. Central wear information cold anyone.', '2024-09-02', '61793516-1', 'Aprobado'),
('Significant something once.', 'Success accept join agency agree. Watch specific exist. Air poor billion today.', '2025-05-05', '61793516-1', 'En revisión'),
('Policy debate later war.', 'Thing since father five hotel conference. Upon again a condition knowledge.', '2025-04-17', '17714530-8', 'Aprobado'),
('Project weight year knowledge determine.', 'Throughout charge smile home. Party avoid defense cell same. Far leader rather keep.', '2025-02-11', '17714530-8', 'Rechazado'),
('View sound oil.', 'Somebody cultural news ahead. Ahead across activity ground.', '2024-08-10', '17714530-8', 'Aprobado'),
('Education could answer.', 'Green dark once drive truth impact prove. Wonder remain board learn pretty when.', '2024-11-08', '61793516-1', 'Rechazado'),
('Dog cold your future.', 'Whole officer fight wear. Statement fact maintain might wish simple. Fill letter gun economy.', '2025-01-20', '61793516-1', 'En revisión'),
('Question rise behind attack attorney.', 'Catch democratic including.', '2024-12-23', '17714530-8', 'En revisión'),
('Fast begin answer.', 'Fall some ball institution really leg.
Do floor store his different cell protect.', '2025-02-08', '61793516-1', 'En revisión'),
('Night type more leg clear.', 'Agent democratic three population. Figure kid those both bad.', '2024-09-05', '17714530-8', 'Rechazado'),
('By suggest myself hit.', 'Responsibility decide side necessary. Pretty politics its local baby responsibility page action.', '2024-12-10', '61793516-1', 'Aprobado'),
('Actually face minute.', 'Various southern sing similar offer three blood. Style decade ability require.', '2025-04-24', '61793516-1', 'Aprobado'),
('Authority modern when.', 'Consumer manage ground south week few Republican. Newspaper short important view line.', '2024-07-18', '61793516-1', 'En revisión'),
('Less democratic necessary pay a.', 'Near ago work green continue. Wear language real quality stand ever.', '2024-05-23', '61793516-1', 'En revisión'),
('Religious make debate land.', 'Analysis officer understand within. Above one money wall whole commercial TV.', '2025-01-08', '61793516-1', 'Rechazado'),
('Study later participant if.', 'Other thousand bank. Early forward ever have by market mean.', '2024-06-03', '61793516-1', 'Aprobado'),
('South note listen.', 'Low present free speak process responsibility. Art six security believe man choose room.', '2024-07-26', '17714530-8', 'Aprobado'),
('Begin increase dog home economy.', 'Site expert serve ahead owner. Training rest how front.', '2025-01-30', '61793516-1', 'Aprobado'),
('Data finish successful believe word.', 'Career education explain information technology situation.', '2024-11-26', '61793516-1', 'Aprobado'),
('Win might option.', 'Here store available other professor add listen. Technology best class begin education agree.', '2024-06-26', '17714530-8', 'Aprobado'),
('Medical project.', 'Summer couple see quite fire later south. Law room give parent nation also military build.', '2024-10-16', '61793516-1', 'Aprobado'),
('Best minute near store view.', 'Keep price quite gas charge choose it. Product ok price find few human.', '2024-12-13', '61793516-1', 'En revisión'),
('As order different address.', 'Garden second institution. Out finally will area station fine prepare. Leader class activity us.', '2025-04-04', '17714530-8', 'Aprobado'),
('Wide American bad.', 'Land common truth anyone work. Seven affect quality nation year relate.', '2024-08-20', '61793516-1', 'Rechazado'),
('Seat reality.', 'Read shake total time today behind employee final. Detail same have.', '2025-02-20', '17714530-8', 'Rechazado'),
('Yeah crime it.', 'Various within chance yet establish buy ever. When movement wear time.', '2025-04-05', '61793516-1', 'En revisión'),
('Sure far home.', 'Author yard of level although black dinner. Red front executive only opportunity soon.', '2025-04-20', '61793516-1', 'En revisión'),
('Foot happen wrong.', 'Build Mrs beat step. Pick mother court magazine their charge cut few.', '2024-11-20', '17714530-8', 'Rechazado'),
('East woman our degree two.', 'Game bit agreement use respond. World across vote city specific.', '2025-03-25', '61793516-1', 'Aprobado'),
('Third fall former north.', 'Still you reality build feeling forget. Popular imagine war fear.', '2025-01-21', '61793516-1', 'Aprobado'),
('Guy service quality cultural media.', 'Box newspaper avoid source weight. Science sing author catch. Public statement theory appear.', '2024-10-17', '61793516-1', 'Rechazado'),
('State court magazine collection money.', 'Hotel away far nice various yes thought. Enter detail scene side.', '2024-06-05', '17714530-8', 'En revisión'),
('Dog finish politics fact this.', 'Air involve weight. That here return lot view bad score.', '2024-05-11', '61793516-1', 'Aprobado'),
('Rich agree performance certainly worker.', 'Trial street inside hear any deep. Skin side trouble what draw yeah.', '2024-08-09', '61793516-1', 'En revisión'),
('Sport rather produce teach herself.', 'Subject form test education. Beyond central bar. Affect down size side.', '2024-06-14', '17714530-8', 'En revisión'),
('Whatever voice impact statement.', 'Debate enjoy husband now recognize writer. Grow yeah who friend.', '2024-06-23', '17714530-8', 'Aprobado'),
('Still case speech.', 'Town way edge wrong little accept. Significant different important concern.', '2024-07-05', '17714530-8', 'En revisión'),
('Staff anything agency.', 'Interest note character concern market note article. Paper head become.', '2025-04-24', '61793516-1', 'Rechazado'),
('Plant decade.', 'Rise statement beyond design reach happen. We among good return attack.', '2024-12-25', '17714530-8', 'En revisión'),
('Main compare try toward parent.', 'Then action most economy particularly man. Bad office quality commercial team.', '2024-06-17', '61793516-1', 'Rechazado');

-- Inserts para la tabla Articulo_Topico
INSERT INTO Articulo_Topico (id_articulo, id_topico) VALUES
(1, 6),
(2, 8),
(3, 8),
(4, 3),
(5, 9),
(6, 4),
(7, 1),
(8, 1),
(9, 7),
(10, 5),
(11, 5),
(12, 1),
(13, 6),
(14, 8),
(15, 6),
(16, 4),
(17, 3),
(18, 3),
(19, 2),
(20, 3),
(21, 6),
(22, 7),
(23, 8),
(24, 2),
(25, 3),
(26, 6),
(27, 10),
(28, 3),
(29, 3),
(30, 1),
(31, 6),
(32, 7),
(33, 3),
(34, 10),
(35, 2),
(36, 1),
(37, 7),
(38, 5),
(39, 6),
(40, 4),
(41, 7),
(42, 2),
(43, 9),
(44, 7),
(45, 10),
(46, 6),
(47, 8),
(48, 2),
(49, 3),
(50, 4);

-- Inserts para la tabla Evaluacion_Articulo
INSERT INTO Evaluacion_Articulo (id_articulo, rut_revisor, resena, calificacion) VALUES
(1, '14793906-2', 'Report happy wind behavior big true.', 2),
(2, '72390076-7', 'Employee learn development use help especially realize door by two bag.', 5),
(3, '14793906-2', 'Quality research himself information anyone will economic.', 7),
(4, '14793906-2', 'Ask subject character concern easy affect language return.', 8),
(5, '14793906-2', 'Mouth general rock cost possible catch.', 1),
(6, '41478198-2', 'Address cover between move family ever because wait structure break provide.', 1),
(7, '41478198-2', 'Least police from during that ahead decision radio thing write history.', 4),
(8, '72390076-7', 'Seek rule set town quite money experience value.', 9),
(9, '14793906-2', 'Building party nation community lawyer kid weight world more current rock.', 5),
(10, '61885926-2', 'Receive suggest from movement institution worry support treatment production goal.', 9),
(11, '72390076-7', 'Moment everything several executive break group list audience often out.', 5),
(12, '14793906-2', 'Need owner into ahead chair other car fish bring occur star.', 2),
(13, '41478198-2', 'Left likely purpose manage cold especially project.', 9),
(14, '72390076-7', 'Collection peace similar claim story direction.', 2),
(15, '61885926-2', 'Risk beyond general sometimes firm indeed coach area threat treat several eight.', 9),
(16, '61885926-2', 'Industry career walk million instead exactly performance book clear center operation land.', 3),
(17, '72390076-7', 'Purpose school increase democratic sort sound partner staff local southern.', 4),
(18, '41478198-2', 'Form environment detail poor spend approach continue final.', 3),
(19, '14793906-2', 'Fall sell almost beat leader church almost like treatment year during type.', 9),
(20, '41478198-2', 'Not it issue analysis have mean.', 4),
(21, '14793906-2', 'Mouth rest box start girl political require.', 6),
(22, '72390076-7', 'Seat stock child industry them perhaps friend hear.', 2),
(23, '61885926-2', 'Door before question significant alone specific method campaign certain image red win modern.', 2),
(24, '14793906-2', 'Media sea property positive news hair opportunity dark science safe consumer it after.', 3),
(25, '61885926-2', 'Road memory student ok all drop arm.', 5),
(26, '61885926-2', 'Can myself shoulder remember should force author finally very artist.', 2),
(27, '14793906-2', 'Life on TV hard business senior entire turn discuss left writer assume.', 10),
(28, '41478198-2', 'Difference successful six number tend book window detail hear billion.', 3),
(29, '41478198-2', 'Better drive itself stock treat outside minute believe physical wrong.', 9),
(30, '14793906-2', 'Whole small price tree company various anything.', 10),
(31, '14793906-2', 'Capital decade nearly myself strong executive break quickly doctor international.', 4),
(32, '41478198-2', 'Effort door company citizen we moment can west unit major situation.', 10),
(33, '72390076-7', 'House enough control watch follow dream newspaper southern so they.', 5),
(34, '14793906-2', 'Many entire service health yard language physical visit cut.', 1),
(35, '14793906-2', 'Whose might measure if today trip administration interview think.', 6),
(36, '61885926-2', 'Two fact with specific deep toward play voice to.', 5),
(37, '14793906-2', 'Three with couple play keep herself.', 7),
(38, '61885926-2', 'Book executive performance shoulder establish style arm factor.', 6),
(39, '61885926-2', 'Suddenly draw assume defense collection hit check treatment not.', 8),
(40, '61885926-2', 'Defense suffer drive always appear prove.', 3),
(41, '72390076-7', 'Wall under able popular scientist market parent rather election report.', 9),
(42, '14793906-2', 'Local million expect book something language design like sit development.', 5),
(43, '61885926-2', 'Generation dream boy structure create size west case should order wall discussion.', 7),
(44, '61885926-2', 'Growth bit threat pretty lose thought west policy despite.', 1),
(45, '41478198-2', 'Along store wish opportunity account despite recognize town if set statement entire turn.', 4),
(46, '41478198-2', 'Reason dream mouth race too answer dark suffer realize.', 7),
(47, '72390076-7', 'Particularly make get need interview moment join himself most reveal I least economy.', 1),
(48, '14793906-2', 'He these leg yard human yard lot deal nation challenge first administration wall.', 2),
(49, '41478198-2', 'Instead parent most they size cost your.', 8),
(50, '14793906-2', 'Instead war scene any friend police energy fire edge.', 7);

-- Inserts para la tabla Revisor_Topico
INSERT INTO Revisor_Topico (rut_revisor, id_topico) VALUES
('61885926-2', 8),
('14793906-2', 6),
('41478198-2', 6),
('72390076-7', 3);
-- Inserts para la tabla Autor_Articulo
INSERT INTO Autor_Articulo (id_articulo, rut_autor, es_contacto) VALUES
(1, '17714530-8', 1),
(1, '61793516-1', 0),
(2, '17714530-8', 1),
(3, '17714530-8', 1),
(4, '61793516-1', 1),
(5, '61793516-1', 1),
(5, '17714530-8', 0),
(6, '17714530-8', 1),
(6, '61793516-1', 0),
(7, '61793516-1', 1),
(7, '17714530-8', 0),
(8, '61793516-1', 1),
(8, '17714530-8', 0),
(9, '17714530-8', 1),
(10, '17714530-8', 1),
(11, '17714530-8', 1),
(11, '61793516-1', 0),
(12, '17714530-8', 1),
(13, '17714530-8', 1),
(14, '17714530-8', 1),
(14, '61793516-1', 0),
(15, '61793516-1', 1),
(15, '17714530-8', 0),
(16, '17714530-8', 1),
(16, '61793516-1', 0),
(17, '61793516-1', 1),
(17, '17714530-8', 0),
(18, '61793516-1', 1),
(19, '17714530-8', 1),
(20, '61793516-1', 1),
(21, '17714530-8', 1),
(22, '17714530-8', 1),
(22, '61793516-1', 0),
(23, '17714530-8', 1),
(23, '61793516-1', 0),
(24, '61793516-1', 1),
(25, '61793516-1', 1),
(25, '17714530-8', 0),
(26, '61793516-1', 1),
(26, '17714530-8', 0),
(27, '61793516-1', 1),
(28, '17714530-8', 1),
(29, '17714530-8', 1),
(29, '61793516-1', 0),
(30, '17714530-8', 1),
(31, '17714530-8', 1),
(32, '61793516-1', 1),
(33, '61793516-1', 1),
(33, '17714530-8', 0),
(34, '17714530-8', 1),
(34, '61793516-1', 0),
(35, '61793516-1', 1),
(36, '17714530-8', 1),
(37, '17714530-8', 1),
(37, '61793516-1', 0),
(38, '61793516-1', 1),
(38, '17714530-8', 0),
(39, '17714530-8', 1),
(39, '61793516-1', 0),
(40, '61793516-1', 1),
(41, '61793516-1', 1),
(42, '17714530-8', 1),
(42, '61793516-1', 0),
(43, '17714530-8', 1),
(44, '61793516-1', 1),
(44, '17714530-8', 0),
(45, '17714530-8', 1),
(45, '61793516-1', 0),
(46, '17714530-8', 1),
(47, '61793516-1', 1),
(47, '17714530-8', 0),
(48, '61793516-1', 1),
(48, '17714530-8', 0),
(49, '61793516-1', 1),
(50, '17714530-8', 1),
(50, '61793516-1', 0);

-- Inserts para la tabla Articulo_Revisor
INSERT INTO Articulo_Revisor (id_articulo, rut_revisor) VALUES
(1, '61885926-2'),
(1, '14793906-2'),
(2, '61885926-2'),
(2, '14793906-2'),
(3, '61885926-2'),
(4, '41478198-2'),
(4, '61885926-2'),
(5, '61885926-2'),
(5, '14793906-2'),
(6, '14793906-2'),
(7, '41478198-2'),
(8, '61885926-2'),
(9, '41478198-2'),
(10, '14793906-2'),
(11, '41478198-2'),
(11, '14793906-2'),
(12, '14793906-2'),
(13, '72390076-7'),
(14, '14793906-2'),
(15, '14793906-2'),
(16, '41478198-2'),
(16, '72390076-7'),
(17, '61885926-2'),
(18, '72390076-7'),
(19, '41478198-2'),
(20, '41478198-2'),
(20, '61885926-2'),
(21, '41478198-2'),
(22, '41478198-2'),
(23, '41478198-2'),
(23, '72390076-7'),
(24, '14793906-2'),
(24, '41478198-2'),
(25, '14793906-2'),
(25, '72390076-7'),
(26, '14793906-2'),
(26, '41478198-2'),
(27, '14793906-2'),
(27, '72390076-7'),
(28, '14793906-2'),
(28, '41478198-2'),
(29, '14793906-2'),
(29, '72390076-7'),
(30, '14793906-2'),
(30, '41478198-2'),
(31, '14793906-2'),
(31, '72390076-7'),
(32, '72390076-7'),
(32, '41478198-2'),
(33, '72390076-7'),
(33, '41478198-2'),
(34, '72390076-7'),
(34, '61885926-2'),
(35, '41478198-2'),
(36, '72390076-7'),
(37, '61885926-2'),
(37, '14793906-2'),
(38, '41478198-2'),
(39, '41478198-2'),
(40, '41478198-2'),
(40, '14793906-2'),
(41, '14793906-2'),
(42, '61885926-2'),
(42, '41478198-2'),
(43, '14793906-2'),
(44, '72390076-7'),
(45, '61885926-2'),
(45, '72390076-7'),
(46, '61885926-2'),
(47, '61885926-2'),
(47, '72390076-7'),
(48, '41478198-2'),
(48, '72390076-7'),
(49, '41478198-2'),
(49, '61885926-2'),
(50, '72390076-7'),
(50, '61885926-2');

