INSERT INTO Autor (id_autor, rut, nombre, email) VALUES
(11, '123456789', 'Brittany Kirk', 'vgrant@example.com'),
(12, '987654321', 'Rose Warner', 'michael60@example.net'),
(13, '741805460', 'Ricky Bartlett', 'krauselaura@example.com'),
(14, '659959411', 'Elizabeth Burton', 'tylerbarrera@example.org'),
(15, '262390525', 'Michael Carroll', 'eblackburn@example.org'),
(16, '762807682', 'Austin Vazquez', 'cball@example.com'),
(17, '809148926', 'Emily Johnson', 'ashleyrichardson@example.com'),
(18, '518610293', 'Tammy Fleming', 'scampbell@example.com'),
(19, '906338082', 'Lisa Good', 'warnermary@example.net'),
(20, '689785784', 'Kayla Chen', 'stevenrodriguez@example.net');

INSERT INTO Revisor (id_revisor, rut, nombre, email) VALUES
(1, '79521047K', 'Lisa Roth', 'johnathanhoward@example.com'),
(2, '150484080', 'Joshua Roberts', 'jamesbeth@example.org'),
(3, '986910386', 'Craig Doyle', 'dnewton@example.org'),
(4, '550037332', 'Nicholas Henry', 'olsenbrandon@example.org'),
(5, '902805512', 'Marie Walter', 'alex93@example.org'),
(6, '181114796', 'David Ryan', 'yharrison@example.net'),
(7, '273230602', 'Thomas Morales', 'bwalsh@example.com'),
(8, '816902681', 'Dr. Darrell Brown', 'esmith@example.org'),
(9, '808940259', 'Donna Garcia', 'stephanie02@example.net'),
(10, '966577283', 'Rickey Matthews', 'floreschristina@example.net');

INSERT INTO Articulo (id_articulo, titulo, fecha_envio, resumen) VALUES
(1, 'Respond magazine Republican.', '2020-12-03', 'Skin theory we central teach indicate head far specific environment rise.'),
(2, 'El mish es clave.', '2023-04-29', 'Always three hit understand organization trial develop.'),
(3, 'A development shake.', '2022-10-16', 'Investment place threat body senior not body but game notice for.'),
(4, 'Somebody ahead wide five.', '2022-04-01', 'Order wind white film ground prevent young response difference religious.'),
(5, 'Cell plant red lead.', '2020-09-22', 'Explain Democrat science city none event nothing hard public war any.'),
(6, 'Day trial notice market.', '2023-01-11', 'Dog have blue about easy avoid speech change east store look.'),
(7, 'Beat cut of here reach present.', '2021-09-27', 'Positive less although feel east more whatever live onto already play other value.'),
(8, 'Cost pass citizen whether.', '2023-11-08', 'Every yard enjoy standard fight admit range this.'),
(9, 'Plant foot glass.', '2023-01-17', 'Size nice standard prevent charge group while letter lay just.'),
(10, 'Spend be throughout.', '2024-05-15', 'Sure only standard close to some onto price.'),
(11, 'Itself guess break test production.', '2020-09-05', 'Science only history lead manager clearly.'),
(12, 'New twerking software drops.', '2023-10-09', 'Nothing debate up be building level gun instead natural mission method.'),
(13, 'Simple his collection.', '2023-01-19', 'Happen stock size message natural wonder theory different.'),
(14, 'Bed herself million something.', '2022-03-11', 'Phone not entire young a real kitchen wind.'),
(15, 'True less big analysis.', '2022-01-11', 'Peace reflect street show still matter industry create sing.'),
(16, 'Fire television foot mother cup especially.', '2023-04-08', 'Pressure animal question phone here dream record.'),
(17, 'Finally drop lay central.', '2020-05-08', 'Draw test increase successful energy home concern.'),
(18, 'One focus environment commercial compare.', '2021-05-10', 'Nearly bank store day operation write including also difficult least.'),
(19, 'Put collection citizen.', '2020-08-08', 'Much thank light current season seek.'),
(20, 'Rather prove response bit eat building.', '2024-10-26', 'Type which performance fill win a seek director I main different include.'),
(21, 'Poor page involve need garden away.', '2020-06-09', 'Process price future arrive big certainly into happy relate.'),
(22, 'Develop listen community only impact.', '2022-03-30', 'Reach certainly might wish action occur look face good her win.'),
(23, 'Reduce yeah person agency mind.', '2022-12-25', 'Water want hit single performance degree military Mr chair house citizen.'),
(24, 'Market road quickly pretty government nice.', '2024-10-30', 'Bank fine edge for morning kind still skill walk director.'),
(25, 'Purpose line add.', '2020-10-25', 'Must president check only music whether Democrat cultural.'),
(26, 'New Femboy Caffe makes Hotters tremble.', '2020-05-30', 'Within bag over consider soldier maybe interest arm.'),
(27, 'Pattern dark million yet TV since.', '2023-06-27', 'Operation choice total interest follow than foreign employee than account wait.'),
(28, 'Source know during week threat.', '2022-01-10', 'Rule data dinner about safe seem single why well explain.'),
(29, 'Southern and phone mean Mr civil.', '2022-04-04', 'Turn member leader probably create raise family not sell.'),
(30, 'Message interview produce soon long front.', '2021-05-03', 'Stage more the trip spring form high social case capital language whole down.'),
(31, 'Different need open force.', '2020-01-29', 'Around trip thing age suddenly north peace.'),
(32, 'Away line say.', '2023-07-22', 'Into such resource boy current politics especially realize happen offer north stage reflect either.'),
(33, 'Especially head week bit present store.', '2023-11-22', 'Painting better phone always matter leave method as.'),
(34, 'Send suffer road with list.', '2025-03-26', 'Player plant hotel type contain great technology early today able.'),
(35, 'Travel before fire within until.', '2022-01-24', 'Once understand lose contain fear perhaps painting end build simply.'),
(36, 'Vote world nature.', '2024-04-13', 'Front question hard old daughter relate Republican huge nearly skin fine newspaper prove.'),
(37, 'Morning she every lawyer attention.', '2021-03-28', 'Argue specific medical perform major whom side weight.'),
(38, 'Lawyer art scene unit throughout.', '2021-09-05', 'Hit season work side group better outside together thousand must close director.'),
(39, 'Begin state product professional own.', '2024-08-26', 'Top reveal how watch turn fire pretty degree Republican bed.'),
(40, 'Store sell movie feel everybody.', '2022-10-04', 'Information past contain everyone pick development he economic.'),
(41, 'Likely financial important him audience idea.', '2023-08-26', 'Across go his long describe impact service yes mission in first quality.'),
(42, 'This east east impact increase.', '2024-12-20', 'Chair Republican while time perform professional ability public hand learn four fill leg.'),
(43, 'Again within any.', '2024-06-06', 'Understand natural general church game lose whether computer provide approach us degree social.'),
(44, 'Director note vote.', '2023-11-02', 'Successful shake government condition popular give live parent stand.'),
(45, 'Race even various.', '2024-08-17', 'Concern financial while meet peace computer spend short better something end.'),
(46, 'A reach reach bag three soldier.', '2023-04-02', 'Community hear according fire important account agree.'),
(47, 'Purpose section share.', '2020-07-07', 'Throughout strong become within politics my green.'),
(48, 'Thus court office series.', '2023-09-13', 'Bit that there mother use quickly really.'),
(49, 'To answer from officer hundred.', '2022-03-28', 'Ground mother business PM small three form during very believe.'),
(50, 'Determine game physical kid score writer.', '2020-11-22', 'Bar week fill project service country staff season six only around.'),
(51, 'Growth know movie kid artist wind.', '2023-02-09', 'Rich hope him decade foreign with.'),
(52, 'Trial air spend prove.', '2021-01-19', 'To get along give party set.'),
(53, 'Much new ago sound.', '2022-09-17', 'City since our my early necessary per population spend group peace.'),
(54, 'Recent between away reason.', '2023-07-22', 'My sound seven grow fill chance.'),
(55, 'Image process official enough everybody.', '2023-03-05', 'Them official become mean goal collection pressure.'),
(56, 'Fight do defense choice shake.', '2023-10-23', 'Hard position want at nor three street.'),
(57, 'Glass threat raise never.', '2020-01-04', 'Hospital group health movement begin year.'),
(58, 'Follow another standard action.', '2023-10-17', 'Skin event fill major friend region find agree real despite pressure quickly.'),
(59, 'Say exist tree happy foreign.', '2025-02-10', 'Story many see maintain product require case office institution type.'),
(60, 'Business hard production democratic.', '2022-05-09', 'Improve thought career moment politics center brother all education bit station business.'),
(61, 'Movement new deep.', '2025-01-01', 'Finish final nature television image break expect stock player Republican both seek community.'),
(62, 'Door rock why only.', '2021-04-23', 'Book tonight recently scene such data science almost fall live international politics.'),
(63, 'Anything must daughter.', '2021-10-31', 'Within method opportunity and half alone administration involve.'),
(64, 'Important mean moment cold.', '2022-12-11', 'Door threat recently newspaper key give contain material section agent.'),
(65, 'Half personal according southern send executive.', '2020-02-10', 'National total government save head here different statement.'),
(66, 'Even including senior hope.', '2024-08-26', 'Strategy boy hotel detail set production continue sit game discuss tax inside class.'),
(67, 'Only call question stand.', '2020-02-01', 'Region beyond level act finally light.'),
(68, 'Operation parent pay drive much.', '2023-10-13', 'Fly rich figure reveal without think stock skin.'),
(69, 'In training event knowledge mean.', '2021-05-07', 'Prove indeed agreement speak hard pull these Mr total.'),
(70, 'Sense student national gun foreign economic.', '2022-12-21', 'No to these probably I thank thought well.'),
(71, 'Type hospital there expert money event.', '2022-12-05', 'Very want political voice daughter history weight woman if fund name.'),
(72, 'Reflect amount usually girl institution.', '2024-11-29', 'Point clearly often eye mouth law likely.'),
(73, 'Management find task feel.', '2023-01-13', 'Learn under identify significant research growth.'),
(74, 'Bar trouble read.', '2023-05-17', 'Rock concern agreement red still already maybe enjoy.'),
(75, 'Learn science television popular face.', '2023-05-16', 'Over everything reason time save himself.'),
(76, 'Green civil skill culture.', '2021-01-12', 'Good several difficult no hotel hear group late.'),
(77, 'Begin effort commercial.', '2022-01-29', 'Must century travel likely middle least low government staff.'),
(78, 'Wrong compare human theory close.', '2020-06-24', 'Alone cause them create color green quality.'),
(79, 'Two expect personal.', '2022-02-05', 'North she simply foreign animal while.'),
(80, 'Top fear foot.', '2022-08-25', 'Maybe child coach expect real over education present.'),
(81, 'Million continue visit.', '2020-10-04', 'Appear across we partner pull fine cultural.'),
(82, 'She standard school relationship blue.', '2021-12-28', 'Maintain eye time civil face animal enjoy next drop.'),
(83, 'Letter try thought.', '2020-04-08', 'List low individual property guy very now conference situation they best.'),
(84, 'Today parent quality smile simply whole.', '2024-04-06', 'Eye question near brother everybody civil scene meet difference reflect investment above kind nor.'),
(85, 'Month civil that arrive thought.', '2020-02-22', 'Day feeling country company together Congress.'),
(86, 'Positive less look much message.', '2020-05-04', 'Reach project scientist mind lay current section knowledge real her.'),
(87, 'White event really.', '2020-10-29', 'It stage law suffer among us research long around whose.'),
(88, 'Agent almost apply candidate concern.', '2020-09-01', 'Require subject animal scene serve when admit economy I agreement guy.'),
(89, 'Remember break born.', '2021-12-29', 'Happen whole condition job daughter compare.'),
(90, 'Teach Mrs himself onto stop sign.', '2021-10-05', 'Model within report with a herself whole moment as more.'),
(91, 'Vote expect thought need stuff east.', '2024-10-19', 'Project live century community education week well culture parent building safe product.'),
(92, 'System base move.', '2021-05-07', 'Sing join physical tend couple thought prevent more again between several whether.'),
(93, 'Cost suddenly eye.', '2020-07-16', 'Deep without me these hand culture anything specific whose tough story current.'),
(94, 'Now four system class claim.', '2022-06-19', 'Investment simple form suggest score education parent thus board great out interesting.'),
(95, 'Eat pressure last not head suggest.', '2023-09-08', 'Condition name determine collection catch score.'),
(96, 'School either shoulder arm everything.', '2020-03-21', 'Career large dark serve name reflect among lawyer determine born.'),
(97, 'Food public direction simply into appear president.', '2022-07-03', 'Gun per apply than choice blue effect involve protect keep.'),
(98, 'Develop defense trial house ahead.', '2020-08-16', 'Full value house since reduce give no do chance machine ten although thus.'),
(99, 'Talk father compare range hair sister.', '2022-09-20', 'Page knowledge teacher drop religious whose onto start cut.'),
(100, 'Leave exactly the character experience successful.', '2020-06-01', 'Year finally itself woman Republican majority your.'),
(101, 'Whose us agree.', '2021-06-25', 'Painting challenge ready glass way ten scientist rate face draw however.'),
(102, 'Charge method attorney offer option nature.', '2022-08-21', 'What all who begin bad north prepare one.'),
(103, 'Job ability body ready summer until.', '2022-06-04', 'Attack expert more without wife process support white.'),
(104, 'End image himself.', '2024-03-27', 'List leave spend draw situation audience.'),
(105, 'President work least including white million.', '2024-09-08', 'Apply phone compare with on sign nature police.'),
(106, 'Bad front news nearly protect same.', '2022-07-13', 'Hit gas spend training sort shoulder whom interest she beat speak person low.'),
(107, 'Could though election way some a.', '2020-05-28', 'Whole share shoulder imagine baby pressure.'),
(108, 'Action half front teach soldier early.', '2024-08-02', 'Around home plan everybody north worry learn.'),
(109, 'Defense turn audience.', '2023-01-24', 'Detail true agency marriage own hundred Mr long coach if.'),
(110, 'Exist population on.', '2024-07-10', 'Response discuss very his budget discuss special manager thought save.'),
(111, 'Away benefit usually.', '2022-07-11', 'Half race outside military race surface may nation nor out check ability.'),
(112, 'Race soon foreign will budget.', '2021-03-18', 'Himself state black myself research your realize civil but course western happy she.'),
(113, 'Everybody fact gun sense evening.', '2020-11-04', 'Medical push focus wear grow role north forward choose model impact everything fire.'),
(114, 'Hair across hear head why assume.', '2020-07-21', 'Leave same actually everyone itself impact always whether quickly physical.'),
(115, 'Newspaper let conference pull.', '2023-06-26', 'Style else Mrs political score really finally bring.'),
(116, 'Exist past tend down article.', '2024-11-17', 'Within theory season ahead fill design economic.'),
(117, 'Myself deep power with center alone.', '2021-04-15', 'See particularly another business unit heart team white cut call party.'),
(118, 'Interesting reduce these sea.', '2020-05-03', 'Culture else president note cell over meet media ten goal picture pull.'),
(119, 'You these also do nor list agree.', '2020-07-20', 'Under writer can television serve worker compare from.'),
(120, 'Little while table operation.', '2024-12-29', 'Less win none cause give source lay floor election.'),
(121, 'Rather fact dog.', '2021-01-14', 'Indeed maybe suffer say during stuff against.'),
(122, 'Security morning purpose.', '2020-05-28', 'Data yard relationship during life traditional which education suddenly raise.'),
(123, 'Better room analysis see first.', '2021-05-22', 'Somebody current Mr population note new reflect.'),
(124, 'Usually probably amount.', '2022-09-06', 'Assume suffer sign PM either write a face job growth language front draw.'),
(125, 'Have suddenly visit fund image street.', '2024-02-01', 'Third speech short member space name lose drop number matter certainly.'),
(126, 'Popular beat agree say one whole.', '2021-03-14', 'During poor several industry color goal he next everything movie improve here view.'),
(127, 'Company will sure.', '2023-01-15', 'Story tonight organization reality thousand performance according guy shoulder always eight.'),
(128, 'Production resource sign summer pull.', '2024-11-06', 'Door care consider bill garden account difference just authority bank raise.'),
(129, 'Popular simply improve ask if.', '2021-04-03', 'There already fall side which work over.'),
(130, 'Country environment get.', '2020-03-21', 'Art building catch administration technology model become.'),
(131, 'Day attack war exactly share.', '2024-05-25', 'Nothing reveal carry any sea eight position we education.'),
(132, 'Debate mention popular.', '2023-11-01', 'Safe college herself film main into list concern bit.'),
(133, 'White moment once all.', '2022-06-19', 'Perform investment manage thing edge up key but suffer economy personal fly.'),
(134, 'Food tell production.', '2024-01-05', 'Coach off including field center despite.'),
(135, 'Name indicate road stand should husband.', '2024-03-04', 'Exist board check above science few.'),
(136, 'Stuff attorney and need see.', '2021-10-24', 'Though condition town hospital over anything apply project court.'),
(137, 'Receive phone camera.', '2024-05-15', 'Why check southern card stuff subject create.'),
(138, 'Fact expert company ability up.', '2020-03-28', 'Compare almost energy although gun herself girl different.'),
(139, 'Official allow back shoulder.', '2020-08-26', 'Structure learn behavior skin population various trade another.'),
(140, 'Specific activity trip from us.', '2024-02-22', 'Best reason style cause detail share quite mention decide.'),
(141, 'Leader audience old yourself suddenly.', '2023-09-07', 'Hundred each responsibility wife already house third there quickly although source central will.'),
(142, 'Class ball sister paper situation media.', '2024-07-05', 'Continue choose Mr speak administration base late approach you various agree.'),
(143, 'Model dark style.', '2021-02-12', 'Group they support suggest minute middle film enter weight call or wish.'),
(144, 'Price medical discover daughter fund.', '2024-11-24', 'Relate wall image add under order against free western policy available American.'),
(145, 'Relate well send ok level state.', '2022-02-22', 'Action left something party tonight account than six same somebody certain.'),
(146, 'Until everyone power just human.', '2023-05-17', 'Detail century million American everything alone reason final.'),
(147, 'Down into kid Gestion.', '2023-01-05', 'Treatment huge a center experience foot admit such adult it call.'),
(148, 'Wall free standard establish arrive list.', '2025-01-15', 'Child eight appear blue manager station spring use kitchen with decade window recognize.'),
(149, 'Factor organization upon foreign see.', '2023-01-05', 'Between experience organization bring democratic morning since man year book.'),
(150, 'Republican population prevent recently.', '2020-11-11', 'Area board share indicate blood front network which phone green.'),
(151, 'Assume force expert tough.', '2021-05-30', 'Soon for process treatment firm community.'),
(152, 'Glass street garden recent event defense.', '2024-07-12', 'Church notice how seek must vote.'),
(153, 'Continue heavy activity country spring bad.', '2023-08-16', 'Visit represent discuss seven establish whether budget manager door daughter girl.'),
(154, 'Keep operation wear.', '2022-09-11', 'Give field final protect hit do save hot space.'),
(155, 'Son hundred gas support.', '2022-03-15', 'Treat they central while big site yet hand probably indeed activity.'),
(156, 'Series scene different.', '2024-05-27', 'Heart choose population former value interesting surface however issue turn song.'),
(157, 'Field challenge meeting take.', '2023-08-27', 'Floor rise condition fear personal risk suggest best little.'),
(158, 'Surface move style.', '2025-03-10', 'Vote lead turn southern business hope nearly indicate road but science better.'),
(159, 'Wrong change ready vote why determine.', '2024-03-02', 'Effect again activity others production into remember base everybody.'),
(160, 'Defense detail part old foreign.', '2024-12-04', 'Standard learn risk certain character stock us add charge.'),
(161, 'Effect professor maintain.', '2023-06-11', 'Politics pull term account happen policy.'),
(162, 'Manager style form share.', '2021-04-08', 'It matter material small her edge board president everything wall air side space.'),
(163, 'Movie with fire group.', '2024-10-12', 'Property understand maintain kid star guess easy debate into her body role knowledge.'),
(164, 'Practice sometimes final type.', '2024-11-30', 'Lead wonder total place away hour activity two majority little.'),
(165, 'Congress country suffer charge just.', '2022-02-10', 'Sound also well group nice focus season medical happy lose our.'),
(166, 'Would indeed plan huge.', '2024-02-04', 'Dinner major debate generation executive few nice.'),
(167, 'Everyone pick Democrat always design nature.', '2022-07-28', 'Church turn heart people reason capital example word process bag hundred successful.'),
(168, 'Light home organization happen trial.', '2023-04-18', 'Front institution community call exactly hand office organization.'),
(169, 'Must available fast age.', '2022-09-30', 'Camera security thank Mrs kid ok unit side much expert by none you million.'),
(170, 'Child rather training pressure me.', '2021-03-19', 'Challenge TV ask either forward center.'),
(171, 'Couple institution customer whole.', '2021-12-31', 'Stand lay stage dog change act wall reveal operation claim many through.'),
(172, 'Practice government especially film.', '2023-05-13', 'Painting first life author officer affect brother task identify sing thus.'),
(173, 'Tv against shake by.', '2022-12-27', 'Story bill fact probably shoulder economic everyone participant.'),
(174, 'Trouble green do themselves.', '2024-07-16', 'Close it bar risk budget compare road central mission since computer very line.'),
(175, 'Just floor fly agency present while.', '2024-03-07', 'Follow season argue course question nearly live control building education go service.'),
(176, 'Prove try staff.', '2023-07-27', 'Maybe career especially public section take project benefit play exactly want also.'),
(177, 'Young network how dog back.', '2020-04-26', 'Rock right also cold agent oil against north.'),
(178, 'Chance piece window safe subject growth.', '2025-02-25', 'Enough evidence usually once camera discuss ready fight group north job let.'),
(179, 'Compare middle level.', '2024-11-10', 'Water carry can game what us include.'),
(180, 'Than public responsibility believe carry agree.', '2024-04-28', 'Sort response industry include product project story theory.'),
(181, 'That century fire woman few.', '2021-01-11', 'Wall really continue both threat describe hold rich keep bit.'),
(182, 'Thought nature remain wife.', '2020-07-25', 'Start resource kitchen school media loss factor short best.'),
(183, 'Must suffer sort gun.', '2024-05-18', 'Pm in product opportunity region almost forget describe sound carry surface.'),
(184, 'Television world give.', '2020-09-15', 'Huge actually early upon body least environment history.'),
(185, 'Character nothing prove.', '2023-10-12', 'Parent card say bad fish growth sometimes recent strategy draw.'),
(186, 'Role father night.', '2021-10-28', 'Whom they arrive share stage fast pay opportunity check song want wide.'),
(187, 'Vote including together.', '2024-12-07', 'Recently bed manager him performance break page single when hospital war do.'),
(188, 'Particularly ground thousand produce.', '2020-08-07', 'Role note century so can for the economy certainly.'),
(189, 'Support large majority.', '2022-05-27', 'Impact upon often daughter myself campaign meet vote case clear.'),
(190, 'Where mission dark still.', '2022-12-05', 'Get here world science good spend conference political response understand thousand.'),
(191, 'Information news degree those culture.', '2022-01-10', 'Expect take huge tonight shoulder tough article still program impact democratic film minute.'),
(192, 'Fund although whose.', '2022-11-07', 'Community account stuff yourself reality money ball rule high.'),
(193, 'Determine class new much sport own.', '2023-07-16', 'Light star process likely possible difference official coach run marriage word whole technology.'),
(194, 'Sign mention then.', '2024-02-25', 'These gun cost camera speech citizen even however large activity tree drug.'),
(195, 'At quickly open radio for.', '2025-03-06', 'After clearly son herself another care decade resource development.'),
(196, 'Teach concern pay cause certainly both.', '2023-07-14', 'Identify morning dream enter action contain explain best civil end space.'),
(197, 'Though spring sit.', '2022-08-08', 'Start near hotel effect office sell half clear him.'),
(198, 'Likely high store short evidence.', '2020-10-10', 'Impact discussion question who wife reduce information weight nice building eye.'),
(199, 'Gas father above arm.', '2020-09-13', 'What course two card brother green follow let ok their professor who discuss.'),
(200, 'Common choice school national.', '2023-09-29', 'Big suggest off hotel road condition production.'),
(201, 'Several commercial may.', '2022-12-30', 'May dinner war whose indicate involve million coach.'),
(202, 'Possible seat support necessary political.', '2020-02-07', 'Throughout doctor recognize little book budget mother man response close find impact.'),
(203, 'Front treat amount reality.', '2021-10-14', 'See inside theory wind wind performance fly name personal one ask indeed.'),
(204, 'After change certain truth accept.', '2023-10-22', 'Tree each current president small however sell more society.'),
(205, 'This of throw similar.', '2022-06-14', 'Girl central together nature letter treatment growth next under.'),
(206, 'Forget street option.', '2020-02-23', 'Gun back carry until why strategy later result their yard.'),
(207, 'Political candidate plant.', '2023-10-10', 'Start husband hospital nice class whom near exist successful it apply idea.'),
(208, 'Bank good politics.', '2024-09-30', 'Of rate where hold happy window raise draw wish who.'),
(209, 'During I surface outside leader.', '2023-10-14', 'Place rather step return last impact sit section boy.'),
(210, 'Lot heavy add dark.', '2023-05-11', 'Majority hold actually wife study free meet she whose me smile million.'),
(211, 'Spring surface make Mr campaign.', '2022-07-17', 'Through ground grow morning yet particular maintain hear value plant material each power.'),
(212, 'Role allow painting.', '2024-03-17', 'Data within forget son leader result simple side room cold military example play.'),
(213, 'Second can woman sure blue kid.', '2022-10-29', 'School present father peace risk fall hundred sometimes think.'),
(214, 'Read couple develop.', '2020-09-19', 'Apply see kid wish really future east.'),
(215, 'Lose federal loss turn.', '2024-10-18', 'Attention today prepare nature plan exist create case prevent.'),
(216, 'Nature agency language part game far.', '2020-11-22', 'Individual piece religious machine travel of pass court especially.'),
(217, 'Power else within.', '2020-04-20', 'Civil show system strategy environment and week decide condition position others institution see.'),
(218, 'El semen es clave.', '2020-08-15', 'Style great matter place page nothing image.'),
(219, 'Shoulder tell someone.', '2023-05-10', 'Population interesting you white culture should a yes onto long.'),
(220, 'At indeed onto determine police modern.', '2024-01-24', 'Tree air they majority instead avoid carry blood our side pick.'),
(221, 'Yes unit night quite reason center.', '2023-10-28', 'Note manager yard election whole organization.'),
(222, 'Whom economy with cover environmental life.', '2022-06-02', 'Daughter heart way mother prepare feel include foreign view rise of during drop.'),
(223, 'Red lead major.', '2021-12-16', 'But nor discover political book understand the day change.'),
(224, 'Girl card of break skill.', '2021-01-21', 'Together economic environmental end option in record sure goal feeling popular.'),
(225, 'Person manager heart yard.', '2021-11-11', 'Can according purpose not kind level send trial would information hear sport.'),
(226, 'Hair miss once take history.', '2023-10-25', 'When trouble go challenge visit enjoy operation reality.'),
(227, 'Which evidence note card experience than.', '2024-02-28', 'Feel fight why social else small anything teacher have school player.'),
(228, 'Card such expect.', '2022-03-29', 'Statement among quality pretty involve hold end be customer color.'),
(229, 'Owner easy great safe offer.', '2022-03-20', 'Become understand notice for significant here.'),
(230, 'Spring establish scientist.', '2023-08-24', 'Color body man dark another hand worker throughout accept someone audience.'),
(231, 'Politics bag interview live.', '2020-03-11', 'Early understand chair only different administration pick hold yeah long.'),
(232, 'Increase north sport woman.', '2020-12-15', 'Also range media other visit difficult.'),
(233, 'Much part everything half ever.', '2022-11-16', 'Report summer factor him culture song officer fill direction.'),
(234, 'Control gun me.', '2022-07-04', 'Culture project heavy home political machine action lawyer agency safe relate action country.'),
(235, 'Discover support war among same wall.', '2024-09-14', 'Red figure reach doctor our mother human.'),
(236, 'Grow key number score design.', '2020-08-09', 'Life treat player same bed traditional public music truth.'),
(237, 'My explain hold between see.', '2021-02-10', 'From task occur while land personal environmental them series change wonder manage.'),
(238, 'Value range keep.', '2023-12-24', 'Religious she recognize out security position since happy.'),
(239, 'Kind evening at.', '2022-03-10', 'Piece field parent improve she vote cover ever.'),
(240, 'Director action various price join easy.', '2021-06-30', 'Protect run green none simply friend pay night interesting behavior fire.'),
(241, 'Top oil film north director product.', '2021-05-09', 'Threat north million knowledge effort bank at idea down idea.'),
(242, 'Fine final inside reflect outside.', '2020-08-23', 'Television quality huge lot sea center paper debate over hope land production.'),
(243, 'For officer main to force.', '2023-12-24', 'Raise about mother enough environmental ask lose Mrs loss instead maybe certain.'),
(244, 'Put attack book she other.', '2020-08-11', 'Section truth play smile determine case because wind every clearly whether modern.'),
(245, 'Wrong company name enjoy.', '2021-11-21', 'Which show total too act allow force back.'),
(246, 'Seek agency specific.', '2023-10-13', 'Piece world address dog seat bank into minute action policy national family.'),
(247, 'Interest term development defense.', '2021-01-07', 'Blood that weight find capital sit wonder.'),
(248, 'Page because probably.', '2023-01-28', 'Number first interesting mother size teacher several class evening bag beyond.'),
(249, 'Whom need six pretty.', '2021-02-27', 'Fly prepare message training network far.'),
(250, 'Reality what then.', '2024-07-25', 'This name same step number need itself produce college threat idea first.'),
(251, 'Any design dinner save usually billion.', '2020-11-13', 'Better since play clear hour charge pattern attack machine especially baby get.'),
(252, 'Put same girl.', '2020-10-19', 'Away many national receive method Democrat no view day dark how attack her.'),
(253, 'Agent camera foot deal individual.', '2024-07-19', 'Music hospital I shake late end media.'),
(254, 'Have power short first increase.', '2022-03-01', 'Week perhaps official rest Mr form produce air.'),
(255, 'Resource four water anything result scene anything.', '2021-10-14', 'Head dream section out radio foreign model heart deep nature write wonder.'),
(256, 'Rate baby eat.', '2020-04-16', 'Left several always every picture her speak affect company your building activity ok.'),
(257, 'Blue shake item.', '2024-10-19', 'Service woman mission town evidence reach ago daughter mention.'),
(258, 'Music smile treatment week action quite.', '2023-09-19', 'Popular network already likely pass also mind there event.'),
(259, 'Can line smile lose cold.', '2020-10-11', 'Eat fine both reality ground somebody whether begin eat ever exactly.'),
(260, 'Guy after must push.', '2024-12-24', 'Next card focus wrong yourself herself interesting you sign which guess compare price.'),
(261, 'Which particular worker fact maybe amount.', '2024-01-03', 'Thus strong parent air financial born book tonight organization.'),
(262, 'Ask east prevent rich go.', '2022-04-17', 'Option candidate home break official there heavy current although dinner ability nice old part.'),
(263, 'Executive end party their produce whole.', '2023-12-31', 'Training tax nearly speech hold skill left office clearly prevent.'),
(264, 'Reduce hold this.', '2022-08-01', 'Almost control great election take hand.'),
(265, 'Late color truth remain memory too.', '2020-04-16', 'Light them follow lay right example how.'),
(266, 'Pass under part rock.', '2021-06-16', 'Amount ability manage safe first apply drop others hit.'),
(267, 'Sense Democrat significant although north like.', '2024-10-14', 'Here notice look apply customer again return five wish a population.'),
(268, 'Ago general white help easy.', '2023-02-12', 'Paper interest computer attention owner trial law sign mind agree travel suffer.'),
(269, 'After strategy compare city measure if.', '2024-12-04', 'Break protect style everything partner cup plan.'),
(270, 'Perform miss board.', '2025-02-05', 'Its truth list to garden yes across.'),
(271, 'Audience goal support travel together nation.', '2023-02-27', 'Black positive season task college down pattern.'),
(272, 'Protect available six form husband.', '2021-06-22', 'Machine describe risk attack challenge statement successful owner hear.'),
(273, 'Media easy deal top.', '2022-11-09', 'Purpose page hear rock government suffer.'),
(274, 'Culture customer her personal.', '2020-04-19', 'Tend realize inside company tend toward part history a trial.'),
(275, 'Building opportunity receive meeting paper safe.', '2022-09-14', 'Have return recent quality state school land easy speech.'),
(276, 'Off hand attention laugh.', '2025-02-03', 'Series wear it decision produce enough adult less defense account hold.'),
(277, 'Where property possible enter until.', '2021-02-19', 'Whole course full car six someone.'),
(278, 'West never old performance future.', '2020-07-11', 'Person person old water whether wall.'),
(279, 'Middle quality crime.', '2022-08-22', 'Tonight sister her vote goal power their event line plant way employee hospital.'),
(280, 'Find direction set resource.', '2020-06-26', 'Central majority far option how agency.'),
(281, 'Group woman let gun always thank.', '2022-11-03', 'Affect place back realize assume public most fact make deal subject community she.'),
(282, 'Culture bar nature fall decide.', '2023-08-15', 'Lead others sit become rich move very environmental computer.'),
(283, 'Meet author body.', '2025-01-29', 'Democratic hold heart field truth along rock body bank.'),
(284, 'Happen fight stuff.', '2024-09-16', 'Simple century base management history within fish security degree to leader.'),
(285, 'Require management everybody clear or.', '2021-12-06', 'Image tax money alone guy something establish stuff doctor particular.'),
(286, 'Ok many degree.', '2023-05-31', 'Let prevent personal none television kind still attorney nice quality.'),
(287, 'Develop test behavior television table.', '2024-01-06', 'Charge necessary hard these lay big success turn.'),
(288, 'Fast especially news follow recently.', '2020-04-26', 'May action cut them term democratic prevent above suffer.'),
(289, 'Marriage run color great term light.', '2022-05-07', 'Person avoid pay region friend drive sport investment west bring happen.'),
(290, 'Character agreement imagine.', '2020-04-29', 'Certainly act good particularly first listen old cup someone.'),
(291, 'Home audience safe represent central.', '2023-04-17', 'Old energy adult former organization small speak spring.'),
(292, 'Allow build probably ready central network.', '2022-03-13', 'Respond friend budget special others kid front dog continue possible.'),
(293, 'Clear amount despite start.', '2021-05-02', 'Suffer detail decade reach training rich specific through oil rich stand can.'),
(294, 'Dream husband concern less responsibility everything.', '2022-11-14', 'Instead firm study north trade rule.'),
(295, 'Fast public raise heavy.', '2023-12-10', 'Today cut whose while anyone prove year he many drop current.'),
(296, 'Successful need staff hand.', '2021-02-22', 'Remember sell green century effect prove skin exist enter nice expert small break.'),
(297, 'Each affect these put big need.', '2023-12-13', 'Away group statement class wrong too task song.'),
(298, 'Fine role everything painting.', '2023-11-11', 'Add memory state difficult fall bag approach certainly property huge.'),
(299, 'Expect capital friend agency.', '2022-07-27', 'Son campaign popular way we along game people dinner challenge result.'),
(300, 'Remember blue camera.', '2024-04-04', 'Mouth contain improve want brother be majority.'),
(301, 'Suffer coach where probably step power.', '2023-05-14', 'Military not him consumer vote evening owner.'),
(302, 'Action surface pay someone ready including.', '2023-09-28', 'Tough garden night away low break degree outside only region create father add.'),
(303, 'Or start will assume beat.', '2023-01-06', 'Chance Democrat energy above shake watch maintain process treatment smile director.'),
(304, 'Leader every again particular.', '2022-12-05', 'Myself order its everybody mention only think itself particular character goal.'),
(305, 'Now field door against believe.', '2024-11-21', 'New quickly himself decade realize by.'),
(306, 'Partner unit prepare sort analysis arm.', '2023-07-16', 'You ball could who smile point side particular condition.'),
(307, 'Feel very visit itself white.', '2023-08-07', 'Response sure cause figure statement treatment investment put one huge no rate personal.'),
(308, 'Social night event control.', '2020-02-15', 'Reveal choose be change second hour without article beautiful thousand year.'),
(309, 'Dream worry safe sort make shake.', '2021-05-28', 'Admit mean air event head main.'),
(310, 'Approach chair treatment these beautiful.', '2023-11-18', 'Half wind old main clearly front among apply along appear some whose maintain.'),
(311, 'Federal shoulder upon degree play with.', '2021-11-17', 'Allow process bit method run something difficult wrong political reduce with single.'),
(312, 'Cultural box create.', '2021-09-12', 'Music whose imagine push personal year relationship us local process catch resource.'),
(313, 'Performance certainly partner alone.', '2021-03-22', 'On glass they science value notice hair answer job sport memory board artist.'),
(314, 'Risk particular member second exactly.', '2023-04-27', 'Nice model father hold item quickly.'),
(315, 'Evidence campaign fine.', '2024-07-01', 'Agent property say either expect world lead.'),
(316, 'Never economic sort improve.', '2023-08-11', 'Every lay affect mind left dark lead never section coach painting alone.'),
(317, 'Benefit through she green.', '2020-03-11', 'New culture place our word after professor adult phone former.'),
(318, 'National generation effort personal tonight movie.', '2021-11-02', 'Party per candidate enough development interview before.'),
(319, 'President bank usually understand more establish.', '2022-07-24', 'President those same green practice move whom commercial.'),
(320, 'Guy tell every question safe decade.', '2024-04-08', 'Paper team late moment quality opportunity memory summer any person guess.'),
(321, 'Carry sound yes article take.', '2021-01-20', 'Heart else activity song though task goal picture.'),
(322, 'Study stay without evidence.', '2021-05-22', 'Visit foreign best money positive must medical anything believe type film likely community.'),
(323, 'Policy fish central capital.', '2022-03-06', 'Behavior hand practice ever parent through central.'),
(324, 'Black particularly drop there sport hospital.', '2021-08-30', 'Myself impact hand foreign hundred behavior.'),
(325, 'Specific analysis focus always.', '2022-07-11', 'Most system partner family ability focus provide almost whose marriage.'),
(326, 'Author leg major energy security later.', '2025-01-04', 'Yard eye fire piece provide personal indeed imagine want tough school.'),
(327, 'Son woman soldier.', '2021-05-24', 'Sure industry agency standard real also lose notice west control politics.'),
(328, 'Bag art present possible.', '2024-06-26', 'Individual before send just fish happen only card various many participant.'),
(329, 'Form option finally.', '2024-03-29', 'Society building bill drop report deal modern official news than assume many administration.'),
(330, 'Ok whole school run.', '2021-10-25', 'Edge who like particular take rock month us risk person work.'),
(331, 'Value significant plan.', '2024-02-25', 'Often mind note want either trial audience technology those save half.'),
(332, 'That possible laugh amount wait.', '2024-08-20', 'Everything simple reflect capital movement bag benefit meeting firm lose day guy alone.'),
(333, 'Star guess newspaper.', '2022-01-31', 'Across clear how continue realize shake me.'),
(334, 'We picture debate.', '2021-05-15', 'Catch bag parent dinner radio add apply.'),
(335, 'Stop defense when growth leg ok.', '2020-09-15', 'Institution science during least role player exactly if way style.'),
(336, 'Organization career go performance hot.', '2022-04-21', 'Next clear notice rate well able.'),
(337, 'Friend ten under.', '2021-12-04', 'State name light operation certain write officer detail upon yourself car manage.'),
(338, 'Up herself effect Mr.', '2022-02-02', 'Measure natural weight establish value lay fine shake speak effort hot.'),
(339, 'Interest reflect rule fine not might.', '2023-04-12', 'Loss soon heart must east Mr.'),
(340, 'Camera sign you join team.', '2022-09-18', 'My if successful eat language often every us when.'),
(341, 'Program move fall.', '2023-01-28', 'Republican treatment ago behind bill film look.'),
(342, 'Everybody church provide time go true.', '2022-03-14', 'Charge health type recent relationship decision democratic trial senior wonder race.'),
(343, 'Relate rate perform yes way others.', '2024-06-09', 'Near one model campaign expert travel wall simple third decade break hour.'),
(344, 'Interview parent group.', '2021-12-07', 'Many usually and save gas tonight.'),
(345, 'Should relationship beat property energy set.', '2020-04-29', 'Nearly third consider continue begin carry step interesting note summer actually plan.'),
(346, 'Paper air still.', '2022-01-08', 'Manager mind ten parent tell none education city dream sell.'),
(347, 'Investment police police.', '2023-05-06', 'Than many beautiful enough fear war account fact where.'),
(348, 'It market raise teacher rule bit.', '2020-11-10', 'Some explain others determine push away rock avoid partner nor look.'),
(349, 'Writer respond cut event.', '2021-12-09', 'Return can stop we movie reveal thus arm television.'),
(350, 'Land article TV every wonder positive.', '2020-11-10', 'Usually later yet mouth difference their gun billion.'),
(351, 'Research thing brother field two talk.', '2020-10-18', 'Between size trip morning east on ready suggest particular media laugh another after.'),
(352, 'Cut decision support world.', '2020-01-29', 'Five meet second fear name offer over factor design citizen official main.'),
(353, 'Bad point section pass century opportunity.', '2021-06-29', 'Style reason own list adult under process.'),
(354, 'Medical every campaign.', '2021-08-13', 'Enjoy choice activity service provide rich industry day court rise address mother miss.'),
(355, 'Amount security alone traditional hope parent.', '2023-12-24', 'Study role his draw old unit both happy mission share themselves lead much.'),
(356, 'Field produce level.', '2025-03-31', 'Executive for pressure or along coach.'),
(357, 'Make both step person clear.', '2023-03-22', 'Available fear pick specific first necessary camera machine property tax about.'),
(358, 'Compare describe like.', '2023-05-30', 'But fight event must free behind work write high already table avoid crime.'),
(359, 'Data so two opportunity know special.', '2020-01-22', 'Year economy too shake word out party husband rate tax action.'),
(360, 'Degree PM great magazine arrive watch.', '2021-03-22', 'Total hair important program sister own.'),
(361, 'Cost national way sure theory.', '2020-03-28', 'Their be wear follow news prepare.'),
(362, 'Itself hot write office economy show.', '2022-01-08', 'Certain exactly official however those moment figure offer last in perform.'),
(363, 'Able project rather stay.', '2021-01-23', 'Large partner new week entire pretty stop leg.'),
(364, 'Wear gun they.', '2024-06-25', 'See carry news coach amount size finish ok president vote beautiful many front.'),
(365, 'Rock could treat shake turn.', '2023-09-22', 'Skill civil radio view modern itself table most.'),
(366, 'Begin anything hand.', '2021-08-04', 'Concern cover star inside direction positive physical its choice save around will provide.'),
(367, 'Believe leg cup million.', '2023-07-29', 'Direction word inside life several mean drug station.'),
(368, 'Here then environmental between president interest.', '2024-06-26', 'Allow happen until save scientist marriage child size culture job born.'),
(369, 'Two whose tough.', '2023-01-23', 'View campaign administration reach thousand group stuff age road buy.'),
(370, 'Break second hotel of list.', '2020-04-29', 'Part take time down make sign relationship company sign give either garden.'),
(371, 'Plan identify team.', '2025-01-28', 'Interest senior common down former room.'),
(372, 'Just until high former pull century.', '2022-05-11', 'Use such specific defense his individual sit most watch everything.'),
(373, 'Upon politics cultural Republican sense.', '2020-11-14', 'Perhaps month into deep beat believe service among.'),
(374, 'South us speech.', '2024-08-11', 'Continue customer that perhaps because magazine player.'),
(375, 'Finish personal each stuff teacher.', '2023-12-25', 'Treat movement walk reduce drop finish forward seem gun personal.'),
(376, 'Red international large write top brother.', '2025-01-29', 'Upon remember form word product state many force.'),
(377, 'Third story green.', '2022-02-06', 'Seven apply big eye without character same minute forward country.'),
(378, 'Toward fly pull.', '2024-02-03', 'Today by mother central activity property foreign.'),
(379, 'Ask set should.', '2023-01-18', 'Newspaper Democrat beautiful federal half work matter.'),
(380, 'Understand spring hotel themselves myself who.', '2023-05-14', 'Wide against begin institution than child water industry.'),
(381, 'Rise exactly teacher grow thing how.', '2022-02-17', 'Education knowledge much site must human left international course east rule sense central.'),
(382, 'Form particular soon fear miss.', '2021-08-13', 'Wait improve national themselves spend us film police keep not recognize.'),
(383, 'Morning son attention moment yes.', '2020-11-13', 'Attack Democrat write take number safe though much see southern its walk value.'),
(384, 'Outside ago point thing type.', '2023-03-17', 'Born help answer employee positive what catch above.'),
(385, 'Glass push collection truth.', '2023-01-15', 'Everybody according wind generation risk same mother real pull voice task course policy.'),
(386, 'Ability beyond style management store.', '2022-07-13', 'Red could experience send recently require put strong woman would within always.'),
(387, 'Create child rock major seek significant.', '2021-11-21', 'Return this PM subject hair mind do certainly upon.'),
(388, 'Amount can she.', '2023-05-13', 'Particular evening film where run use produce.'),
(389, 'Research catch little order never best.', '2022-01-22', 'Little party experience everything policy bar involve fish produce pretty light.'),
(390, 'Security offer really need into.', '2022-10-22', 'Source trial wish machine call inside report hand candidate.'),
(391, 'Reduce leave significant.', '2024-09-13', 'Question one vote industry bad look minute.'),
(392, 'Expect get scene scene.', '2022-10-31', 'Traditional so watch reveal century morning push professional form plan clear church.'),
(393, 'Page drive budget country friend majority lawyer.', '2023-09-02', 'Her hope sea mouth sport you item machine everybody allow smile.'),
(394, 'Food management include surface laugh either.', '2024-09-22', 'Realize nice particular put police answer care reduce.'),
(395, 'Prove expect form cause thousand.', '2024-01-17', 'Increase heavy stay per group glass factor commercial writer push together.'),
(396, 'Perhaps unit administration magazine.', '2020-09-10', 'Say middle leg when really manager real edge.'),
(397, 'Not arm concern some off partner.', '2020-07-06', 'Person able thus event physical visit compare just do population even environmental.'),
(398, 'Performance approach property.', '2020-09-09', 'Same discuss walk care yet east executive mother.'),
(399, 'Fill democratic network several pick certain.', '2020-10-08', 'Let artist off why visit others science get star different.'),
(400, 'Suffer would not.', '2022-06-12', 'To whether way accept story clearly already tonight notice follow in environment.');

INSERT INTO Revisor (id_revisor, rut, nombre, email) VALUES
(1, '79521047K', 'Lisa Roth', 'johnathanhoward@example.com'),
(2, '150484080', 'Joshua Roberts', 'jamesbeth@example.org'),
(3, '986910386', 'Craig Doyle', 'dnewton@example.org'),
(4, '550037332', 'Nicholas Henry', 'olsenbrandon@example.org'),
(5, '902805512', 'Marie Walter', 'alex93@example.org'),
(6, '181114796', 'David Ryan', 'yharrison@example.net'),
(7, '273230602', 'Thomas Morales', 'bwalsh@example.com'),
(8, '816902681', 'Dr. Darrell Brown', 'esmith@example.org'),
(9, '808940259', 'Donna Garcia', 'stephanie02@example.net'),
(10, '966577283', 'Rickey Matthews', 'floreschristina@example.net');

INSERT INTO Articulo (id_articulo, titulo, fecha_envio, resumen) VALUES
(1, 'Respond magazine Republican.', '2020-12-03', 'Skin theory we central teach indicate head far specific environment rise.'),
(2, 'El mish es clave.', '2023-04-29', 'Always three hit understand organization trial develop.'),
(3, 'A development shake.', '2022-10-16', 'Investment place threat body senior not body but game notice for.'),
(4, 'Somebody ahead wide five.', '2022-04-01', 'Order wind white film ground prevent young response difference religious.'),
(5, 'Cell plant red lead.', '2020-09-22', 'Explain Democrat science city none event nothing hard public war any.'),
(6, 'Day trial notice market.', '2023-01-11', 'Dog have blue about easy avoid speech change east store look.'),
(7, 'Beat cut of here reach present.', '2021-09-27', 'Positive less although feel east more whatever live onto already play other value.'),
(8, 'Cost pass citizen whether.', '2023-11-08', 'Every yard enjoy standard fight admit range this.'),
(9, 'Plant foot glass.', '2023-01-17', 'Size nice standard prevent charge group while letter lay just.'),
(10, 'Spend be throughout.', '2024-05-15', 'Sure only standard close to some onto price.'),
(11, 'Itself guess break test production.', '2020-09-05', 'Science only history lead manager clearly.'),
(12, 'New twerking software drops.', '2023-10-09', 'Nothing debate up be building level gun instead natural mission method.'),
(13, 'Simple his collection.', '2023-01-19', 'Happen stock size message natural wonder theory different.'),
(14, 'Bed herself million something.', '2022-03-11', 'Phone not entire young a real kitchen wind.'),
(15, 'True less big analysis.', '2022-01-11', 'Peace reflect street show still matter industry create sing.'),
(16, 'Fire television foot mother cup especially.', '2023-04-08', 'Pressure animal question phone here dream record.'),
(17, 'Finally drop lay central.', '2020-05-08', 'Draw test increase successful energy home concern.'),
(18, 'One focus environment commercial compare.', '2021-05-10', 'Nearly bank store day operation write including also difficult least.'),
(19, 'Put collection citizen.', '2020-08-08', 'Much thank light current season seek.'),
(20, 'Rather prove response bit eat building.', '2024-10-26', 'Type which performance fill win a seek director I main different include.'),
(21, 'Poor page involve need garden away.', '2020-06-09', 'Process price future arrive big certainly into happy relate.'),
(22, 'Develop listen community only impact.', '2022-03-30', 'Reach certainly might wish action occur look face good her win.'),
(23, 'Reduce yeah person agency mind.', '2022-12-25', 'Water want hit single performance degree military Mr chair house citizen.'),
(24, 'Market road quickly pretty government nice.', '2024-10-30', 'Bank fine edge for morning kind still skill walk director.'),
(25, 'Purpose line add.', '2020-10-25', 'Must president check only music whether Democrat cultural.'),
(26, 'New Femboy Caffe makes Hotters tremble.', '2020-05-30', 'Within bag over consider soldier maybe interest arm.'),
(27, 'Pattern dark million yet TV since.', '2023-06-27', 'Operation choice total interest follow than foreign employee than account wait.'),
(28, 'Source know during week threat.', '2022-01-10', 'Rule data dinner about safe seem single why well explain.'),
(29, 'Southern and phone mean Mr civil.', '2022-04-04', 'Turn member leader probably create raise family not sell.'),
(30, 'Message interview produce soon long front.', '2021-05-03', 'Stage more the trip spring form high social case capital language whole down.'),
(31, 'Different need open force.', '2020-01-29', 'Around trip thing age suddenly north peace.'),
(32, 'Away line say.', '2023-07-22', 'Into such resource boy current politics especially realize happen offer north stage reflect either.'),
(33, 'Especially head week bit present store.', '2023-11-22', 'Painting better phone always matter leave method as.'),
(34, 'Send suffer road with list.', '2025-03-26', 'Player plant hotel type contain great technology early today able.'),
(35, 'Travel before fire within until.', '2022-01-24', 'Once understand lose contain fear perhaps painting end build simply.'),
(36, 'Vote world nature.', '2024-04-13', 'Front question hard old daughter relate Republican huge nearly skin fine newspaper prove.'),
(37, 'Morning she every lawyer attention.', '2021-03-28', 'Argue specific medical perform major whom side weight.'),
(38, 'Lawyer art scene unit throughout.', '2021-09-05', 'Hit season work side group better outside together thousand must close director.'),
(39, 'Begin state product professional own.', '2024-08-26', 'Top reveal how watch turn fire pretty degree Republican bed.'),
(40, 'Store sell movie feel everybody.', '2022-10-04', 'Information past contain everyone pick development he economic.'),
(41, 'Likely financial important him audience idea.', '2023-08-26', 'Across go his long describe impact service yes mission in first quality.'),
(42, 'This east east impact increase.', '2024-12-20', 'Chair Republican while time perform professional ability public hand learn four fill leg.'),
(43, 'Again within any.', '2024-06-06', 'Understand natural general church game lose whether computer provide approach us degree social.'),
(44, 'Director note vote.', '2023-11-02', 'Successful shake government condition popular give live parent stand.'),
(45, 'Race even various.', '2024-08-17', 'Concern financial while meet peace computer spend short better something end.'),
(46, 'A reach reach bag three soldier.', '2023-04-02', 'Community hear according fire important account agree.'),
(47, 'Purpose section share.', '2020-07-07', 'Throughout strong become within politics my green.'),
(48, 'Thus court office series.', '2023-09-13', 'Bit that there mother use quickly really.'),
(49, 'To answer from officer hundred.', '2022-03-28', 'Ground mother business PM small three form during very believe.'),
(50, 'Determine game physical kid score writer.', '2020-11-22', 'Bar week fill project service country staff season six only around.'),
(51, 'Growth know movie kid artist wind.', '2023-02-09', 'Rich hope him decade foreign with.'),
(52, 'Trial air spend prove.', '2021-01-19', 'To get along give party set.'),
(53, 'Much new ago sound.', '2022-09-17', 'City since our my early necessary per population spend group peace.'),
(54, 'Recent between away reason.', '2023-07-22', 'My sound seven grow fill chance.'),
(55, 'Image process official enough everybody.', '2023-03-05', 'Them official become mean goal collection pressure.'),
(56, 'Fight do defense choice shake.', '2023-10-23', 'Hard position want at nor three street.'),
(57, 'Glass threat raise never.', '2020-01-04', 'Hospital group health movement begin year.'),
(58, 'Follow another standard action.', '2023-10-17', 'Skin event fill major friend region find agree real despite pressure quickly.'),
(59, 'Say exist tree happy foreign.', '2025-02-10', 'Story many see maintain product require case office institution type.'),
(60, 'Business hard production democratic.', '2022-05-09', 'Improve thought career moment politics center brother all education bit station business.'),
(61, 'Movement new deep.', '2025-01-01', 'Finish final nature television image break expect stock player Republican both seek community.'),
(62, 'Door rock why only.', '2021-04-23', 'Book tonight recently scene such data science almost fall live international politics.'),
(63, 'Anything must daughter.', '2021-10-31', 'Within method opportunity and half alone administration involve.'),
(64, 'Important mean moment cold.', '2022-12-11', 'Door threat recently newspaper key give contain material section agent.'),
(65, 'Half personal according southern send executive.', '2020-02-10', 'National total government save head here different statement.'),
(66, 'Even including senior hope.', '2024-08-26', 'Strategy boy hotel detail set production continue sit game discuss tax inside class.'),
(67, 'Only call question stand.', '2020-02-01', 'Region beyond level act finally light.'),
(68, 'Operation parent pay drive much.', '2023-10-13', 'Fly rich figure reveal without think stock skin.'),
(69, 'In training event knowledge mean.', '2021-05-07', 'Prove indeed agreement speak hard pull these Mr total.'),
(70, 'Sense student national gun foreign economic.', '2022-12-21', 'No to these probably I thank thought well.'),
(71, 'Type hospital there expert money event.', '2022-12-05', 'Very want political voice daughter history weight woman if fund name.'),
(72, 'Reflect amount usually girl institution.', '2024-11-29', 'Point clearly often eye mouth law likely.'),
(73, 'Management find task feel.', '2023-01-13', 'Learn under identify significant research growth.'),
(74, 'Bar trouble read.', '2023-05-17', 'Rock concern agreement red still already maybe enjoy.'),
(75, 'Learn science television popular face.', '2023-05-16', 'Over everything reason time save himself.'),
(76, 'Green civil skill culture.', '2021-01-12', 'Good several difficult no hotel hear group late.'),
(77, 'Begin effort commercial.', '2022-01-29', 'Must century travel likely middle least low government staff.'),
(78, 'Wrong compare human theory close.', '2020-06-24', 'Alone cause them create color green quality.'),
(79, 'Two expect personal.', '2022-02-05', 'North she simply foreign animal while.'),
(80, 'Top fear foot.', '2022-08-25', 'Maybe child coach expect real over education present.'),
(81, 'Million continue visit.', '2020-10-04', 'Appear across we partner pull fine cultural.'),
(82, 'She standard school relationship blue.', '2021-12-28', 'Maintain eye time civil face animal enjoy next drop.'),
(83, 'Letter try thought.', '2020-04-08', 'List low individual property guy very now conference situation they best.'),
(84, 'Today parent quality smile simply whole.', '2024-04-06', 'Eye question near brother everybody civil scene meet difference reflect investment above kind nor.'),
(85, 'Month civil that arrive thought.', '2020-02-22', 'Day feeling country company together Congress.'),
(86, 'Positive less look much message.', '2020-05-04', 'Reach project scientist mind lay current section knowledge real her.'),
(87, 'White event really.', '2020-10-29', 'It stage law suffer among us research long around whose.'),
(88, 'Agent almost apply candidate concern.', '2020-09-01', 'Require subject animal scene serve when admit economy I agreement guy.'),
(89, 'Remember break born.', '2021-12-29', 'Happen whole condition job daughter compare.'),
(90, 'Teach Mrs himself onto stop sign.', '2021-10-05', 'Model within report with a herself whole moment as more.'),
(91, 'Vote expect thought need stuff east.', '2024-10-19', 'Project live century community education week well culture parent building safe product.'),
(92, 'System base move.', '2021-05-07', 'Sing join physical tend couple thought prevent more again between several whether.'),
(93, 'Cost suddenly eye.', '2020-07-16', 'Deep without me these hand culture anything specific whose tough story current.'),
(94, 'Now four system class claim.', '2022-06-19', 'Investment simple form suggest score education parent thus board great out interesting.'),
(95, 'Eat pressure last not head suggest.', '2023-09-08', 'Condition name determine collection catch score.'),
(96, 'School either shoulder arm everything.', '2020-03-21', 'Career large dark serve name reflect among lawyer determine born.'),
(97, 'Food public direction simply into appear president.', '2022-07-03', 'Gun per apply than choice blue effect involve protect keep.'),
(98, 'Develop defense trial house ahead.', '2020-08-16', 'Full value house since reduce give no do chance machine ten although thus.'),
(99, 'Talk father compare range hair sister.', '2022-09-20', 'Page knowledge teacher drop religious whose onto start cut.'),
(100, 'Leave exactly the character experience successful.', '2020-06-01', 'Year finally itself woman Republican majority your.'),
(101, 'Whose us agree.', '2021-06-25', 'Painting challenge ready glass way ten scientist rate face draw however.'),
(102, 'Charge method attorney offer option nature.', '2022-08-21', 'What all who begin bad north prepare one.'),
(103, 'Job ability body ready summer until.', '2022-06-04', 'Attack expert more without wife process support white.'),
(104, 'End image himself.', '2024-03-27', 'List leave spend draw situation audience.'),
(105, 'President work least including white million.', '2024-09-08', 'Apply phone compare with on sign nature police.'),
(106, 'Bad front news nearly protect same.', '2022-07-13', 'Hit gas spend training sort shoulder whom interest she beat speak person low.'),
(107, 'Could though election way some a.', '2020-05-28', 'Whole share shoulder imagine baby pressure.'),
(108, 'Action half front teach soldier early.', '2024-08-02', 'Around home plan everybody north worry learn.'),
(109, 'Defense turn audience.', '2023-01-24', 'Detail true agency marriage own hundred Mr long coach if.'),
(110, 'Exist population on.', '2024-07-10', 'Response discuss very his budget discuss special manager thought save.'),
(111, 'Away benefit usually.', '2022-07-11', 'Half race outside military race surface may nation nor out check ability.'),
(112, 'Race soon foreign will budget.', '2021-03-18', 'Himself state black myself research your realize civil but course western happy she.'),
(113, 'Everybody fact gun sense evening.', '2020-11-04', 'Medical push focus wear grow role north forward choose model impact everything fire.'),
(114, 'Hair across hear head why assume.', '2020-07-21', 'Leave same actually everyone itself impact always whether quickly physical.'),
(115, 'Newspaper let conference pull.', '2023-06-26', 'Style else Mrs political score really finally bring.'),
(116, 'Exist past tend down article.', '2024-11-17', 'Within theory season ahead fill design economic.'),
(117, 'Myself deep power with center alone.', '2021-04-15', 'See particularly another business unit heart team white cut call party.'),
(118, 'Interesting reduce these sea.', '2020-05-03', 'Culture else president note cell over meet media ten goal picture pull.'),
(119, 'You these also do nor list agree.', '2020-07-20', 'Under writer can television serve worker compare from.'),
(120, 'Little while table operation.', '2024-12-29', 'Less win none cause give source lay floor election.'),
(121, 'Rather fact dog.', '2021-01-14', 'Indeed maybe suffer say during stuff against.'),
(122, 'Security morning purpose.', '2020-05-28', 'Data yard relationship during life traditional which education suddenly raise.'),
(123, 'Better room analysis see first.', '2021-05-22', 'Somebody current Mr population note new reflect.'),
(124, 'Usually probably amount.', '2022-09-06', 'Assume suffer sign PM either write a face job growth language front draw.'),
(125, 'Have suddenly visit fund image street.', '2024-02-01', 'Third speech short member space name lose drop number matter certainly.'),
(126, 'Popular beat agree say one whole.', '2021-03-14', 'During poor several industry color goal he next everything movie improve here view.'),
(127, 'Company will sure.', '2023-01-15', 'Story tonight organization reality thousand performance according guy shoulder always eight.'),
(128, 'Production resource sign summer pull.', '2024-11-06', 'Door care consider bill garden account difference just authority bank raise.'),
(129, 'Popular simply improve ask if.', '2021-04-03', 'There already fall side which work over.'),
(130, 'Country environment get.', '2020-03-21', 'Art building catch administration technology model become.'),
(131, 'Day attack war exactly share.', '2024-05-25', 'Nothing reveal carry any sea eight position we education.'),
(132, 'Debate mention popular.', '2023-11-01', 'Safe college herself film main into list concern bit.'),
(133, 'White moment once all.', '2022-06-19', 'Perform investment manage thing edge up key but suffer economy personal fly.'),
(134, 'Food tell production.', '2024-01-05', 'Coach off including field center despite.'),
(135, 'Name indicate road stand should husband.', '2024-03-04', 'Exist board check above science few.'),
(136, 'Stuff attorney and need see.', '2021-10-24', 'Though condition town hospital over anything apply project court.'),
(137, 'Receive phone camera.', '2024-05-15', 'Why check southern card stuff subject create.'),
(138, 'Fact expert company ability up.', '2020-03-28', 'Compare almost energy although gun herself girl different.'),
(139, 'Official allow back shoulder.', '2020-08-26', 'Structure learn behavior skin population various trade another.'),
(140, 'Specific activity trip from us.', '2024-02-22', 'Best reason style cause detail share quite mention decide.'),
(141, 'Leader audience old yourself suddenly.', '2023-09-07', 'Hundred each responsibility wife already house third there quickly although source central will.'),
(142, 'Class ball sister paper situation media.', '2024-07-05', 'Continue choose Mr speak administration base late approach you various agree.'),
(143, 'Model dark style.', '2021-02-12', 'Group they support suggest minute middle film enter weight call or wish.'),
(144, 'Price medical discover daughter fund.', '2024-11-24', 'Relate wall image add under order against free western policy available American.'),
(145, 'Relate well send ok level state.', '2022-02-22', 'Action left something party tonight account than six same somebody certain.'),
(146, 'Until everyone power just human.', '2023-05-17', 'Detail century million American everything alone reason final.'),
(147, 'Down into kid Gestion.', '2023-01-05', 'Treatment huge a center experience foot admit such adult it call.'),
(148, 'Wall free standard establish arrive list.', '2025-01-15', 'Child eight appear blue manager station spring use kitchen with decade window recognize.'),
(149, 'Factor organization upon foreign see.', '2023-01-05', 'Between experience organization bring democratic morning since man year book.'),
(150, 'Republican population prevent recently.', '2020-11-11', 'Area board share indicate blood front network which phone green.'),
(151, 'Assume force expert tough.', '2021-05-30', 'Soon for process treatment firm community.'),
(152, 'Glass street garden recent event defense.', '2024-07-12', 'Church notice how seek must vote.'),
(153, 'Continue heavy activity country spring bad.', '2023-08-16', 'Visit represent discuss seven establish whether budget manager door daughter girl.'),
(154, 'Keep operation wear.', '2022-09-11', 'Give field final protect hit do save hot space.'),
(155, 'Son hundred gas support.', '2022-03-15', 'Treat they central while big site yet hand probably indeed activity.'),
(156, 'Series scene different.', '2024-05-27', 'Heart choose population former value interesting surface however issue turn song.'),
(157, 'Field challenge meeting take.', '2023-08-27', 'Floor rise condition fear personal risk suggest best little.'),
(158, 'Surface move style.', '2025-03-10', 'Vote lead turn southern business hope nearly indicate road but science better.'),
(159, 'Wrong change ready vote why determine.', '2024-03-02', 'Effect again activity others production into remember base everybody.'),
(160, 'Defense detail part old foreign.', '2024-12-04', 'Standard learn risk certain character stock us add charge.'),
(161, 'Effect professor maintain.', '2023-06-11', 'Politics pull term account happen policy.'),
(162, 'Manager style form share.', '2021-04-08', 'It matter material small her edge board president everything wall air side space.'),
(163, 'Movie with fire group.', '2024-10-12', 'Property understand maintain kid star guess easy debate into her body role knowledge.'),
(164, 'Practice sometimes final type.', '2024-11-30', 'Lead wonder total place away hour activity two majority little.'),
(165, 'Congress country suffer charge just.', '2022-02-10', 'Sound also well group nice focus season medical happy lose our.'),
(166, 'Would indeed plan huge.', '2024-02-04', 'Dinner major debate generation executive few nice.'),
(167, 'Everyone pick Democrat always design nature.', '2022-07-28', 'Church turn heart people reason capital example word process bag hundred successful.'),
(168, 'Light home organization happen trial.', '2023-04-18', 'Front institution community call exactly hand office organization.'),
(169, 'Must available fast age.', '2022-09-30', 'Camera security thank Mrs kid ok unit side much expert by none you million.'),
(170, 'Child rather training pressure me.', '2021-03-19', 'Challenge TV ask either forward center.'),
(171, 'Couple institution customer whole.', '2021-12-31', 'Stand lay stage dog change act wall reveal operation claim many through.'),
(172, 'Practice government especially film.', '2023-05-13', 'Painting first life author officer affect brother task identify sing thus.'),
(173, 'Tv against shake by.', '2022-12-27', 'Story bill fact probably shoulder economic everyone participant.'),
(174, 'Trouble green do themselves.', '2024-07-16', 'Close it bar risk budget compare road central mission since computer very line.'),
(175, 'Just floor fly agency present while.', '2024-03-07', 'Follow season argue course question nearly live control building education go service.'),
(176, 'Prove try staff.', '2023-07-27', 'Maybe career especially public section take project benefit play exactly want also.'),
(177, 'Young network how dog back.', '2020-04-26', 'Rock right also cold agent oil against north.'),
(178, 'Chance piece window safe subject growth.', '2025-02-25', 'Enough evidence usually once camera discuss ready fight group north job let.'),
(179, 'Compare middle level.', '2024-11-10', 'Water carry can game what us include.'),
(180, 'Than public responsibility believe carry agree.', '2024-04-28', 'Sort response industry include product project story theory.'),
(181, 'That century fire woman few.', '2021-01-11', 'Wall really continue both threat describe hold rich keep bit.'),
(182, 'Thought nature remain wife.', '2020-07-25', 'Start resource kitchen school media loss factor short best.'),
(183, 'Must suffer sort gun.', '2024-05-18', 'Pm in product opportunity region almost forget describe sound carry surface.'),
(184, 'Television world give.', '2020-09-15', 'Huge actually early upon body least environment history.'),
(185, 'Character nothing prove.', '2023-10-12', 'Parent card say bad fish growth sometimes recent strategy draw.'),
(186, 'Role father night.', '2021-10-28', 'Whom they arrive share stage fast pay opportunity check song want wide.'),
(187, 'Vote including together.', '2024-12-07', 'Recently bed manager him performance break page single when hospital war do.'),
(188, 'Particularly ground thousand produce.', '2020-08-07', 'Role note century so can for the economy certainly.'),
(189, 'Support large majority.', '2022-05-27', 'Impact upon often daughter myself campaign meet vote case clear.'),
(190, 'Where mission dark still.', '2022-12-05', 'Get here world science good spend conference political response understand thousand.'),
(191, 'Information news degree those culture.', '2022-01-10', 'Expect take huge tonight shoulder tough article still program impact democratic film minute.'),
(192, 'Fund although whose.', '2022-11-07', 'Community account stuff yourself reality money ball rule high.'),
(193, 'Determine class new much sport own.', '2023-07-16', 'Light star process likely possible difference official coach run marriage word whole technology.'),
(194, 'Sign mention then.', '2024-02-25', 'These gun cost camera speech citizen even however large activity tree drug.'),
(195, 'At quickly open radio for.', '2025-03-06', 'After clearly son herself another care decade resource development.'),
(196, 'Teach concern pay cause certainly both.', '2023-07-14', 'Identify morning dream enter action contain explain best civil end space.'),
(197, 'Though spring sit.', '2022-08-08', 'Start near hotel effect office sell half clear him.'),
(198, 'Likely high store short evidence.', '2020-10-10', 'Impact discussion question who wife reduce information weight nice building eye.'),
(199, 'Gas father above arm.', '2020-09-13', 'What course two card brother green follow let ok their professor who discuss.'),
(200, 'Common choice school national.', '2023-09-29', 'Big suggest off hotel road condition production.'),
(201, 'Several commercial may.', '2022-12-30', 'May dinner war whose indicate involve million coach.'),
(202, 'Possible seat support necessary political.', '2020-02-07', 'Throughout doctor recognize little book budget mother man response close find impact.'),
(203, 'Front treat amount reality.', '2021-10-14', 'See inside theory wind wind performance fly name personal one ask indeed.'),
(204, 'After change certain truth accept.', '2023-10-22', 'Tree each current president small however sell more society.'),
(205, 'This of throw similar.', '2022-06-14', 'Girl central together nature letter treatment growth next under.'),
(206, 'Forget street option.', '2020-02-23', 'Gun back carry until why strategy later result their yard.'),
(207, 'Political candidate plant.', '2023-10-10', 'Start husband hospital nice class whom near exist successful it apply idea.'),
(208, 'Bank good politics.', '2024-09-30', 'Of rate where hold happy window raise draw wish who.'),
(209, 'During I surface outside leader.', '2023-10-14', 'Place rather step return last impact sit section boy.'),
(210, 'Lot heavy add dark.', '2023-05-11', 'Majority hold actually wife study free meet she whose me smile million.'),
(211, 'Spring surface make Mr campaign.', '2022-07-17', 'Through ground grow morning yet particular maintain hear value plant material each power.'),
(212, 'Role allow painting.', '2024-03-17', 'Data within forget son leader result simple side room cold military example play.'),
(213, 'Second can woman sure blue kid.', '2022-10-29', 'School present father peace risk fall hundred sometimes think.'),
(214, 'Read couple develop.', '2020-09-19', 'Apply see kid wish really future east.'),
(215, 'Lose federal loss turn.', '2024-10-18', 'Attention today prepare nature plan exist create case prevent.'),
(216, 'Nature agency language part game far.', '2020-11-22', 'Individual piece religious machine travel of pass court especially.'),
(217, 'Power else within.', '2020-04-20', 'Civil show system strategy environment and week decide condition position others institution see.'),
(218, 'El semen es clave.', '2020-08-15', 'Style great matter place page nothing image.'),
(219, 'Shoulder tell someone.', '2023-05-10', 'Population interesting you white culture should a yes onto long.'),
(220, 'At indeed onto determine police modern.', '2024-01-24', 'Tree air they majority instead avoid carry blood our side pick.'),
(221, 'Yes unit night quite reason center.', '2023-10-28', 'Note manager yard election whole organization.'),
(222, 'Whom economy with cover environmental life.', '2022-06-02', 'Daughter heart way mother prepare feel include foreign view rise of during drop.'),
(223, 'Red lead major.', '2021-12-16', 'But nor discover political book understand the day change.'),
(224, 'Girl card of break skill.', '2021-01-21', 'Together economic environmental end option in record sure goal feeling popular.'),
(225, 'Person manager heart yard.', '2021-11-11', 'Can according purpose not kind level send trial would information hear sport.'),
(226, 'Hair miss once take history.', '2023-10-25', 'When trouble go challenge visit enjoy operation reality.'),
(227, 'Which evidence note card experience than.', '2024-02-28', 'Feel fight why social else small anything teacher have school player.'),
(228, 'Card such expect.', '2022-03-29', 'Statement among quality pretty involve hold end be customer color.'),
(229, 'Owner easy great safe offer.', '2022-03-20', 'Become understand notice for significant here.'),
(230, 'Spring establish scientist.', '2023-08-24', 'Color body man dark another hand worker throughout accept someone audience.'),
(231, 'Politics bag interview live.', '2020-03-11', 'Early understand chair only different administration pick hold yeah long.'),
(232, 'Increase north sport woman.', '2020-12-15', 'Also range media other visit difficult.'),
(233, 'Much part everything half ever.', '2022-11-16', 'Report summer factor him culture song officer fill direction.'),
(234, 'Control gun me.', '2022-07-04', 'Culture project heavy home political machine action lawyer agency safe relate action country.'),
(235, 'Discover support war among same wall.', '2024-09-14', 'Red figure reach doctor our mother human.'),
(236, 'Grow key number score design.', '2020-08-09', 'Life treat player same bed traditional public music truth.'),
(237, 'My explain hold between see.', '2021-02-10', 'From task occur while land personal environmental them series change wonder manage.'),
(238, 'Value range keep.', '2023-12-24', 'Religious she recognize out security position since happy.'),
(239, 'Kind evening at.', '2022-03-10', 'Piece field parent improve she vote cover ever.'),
(240, 'Director action various price join easy.', '2021-06-30', 'Protect run green none simply friend pay night interesting behavior fire.'),
(241, 'Top oil film north director product.', '2021-05-09', 'Threat north million knowledge effort bank at idea down idea.'),
(242, 'Fine final inside reflect outside.', '2020-08-23', 'Television quality huge lot sea center paper debate over hope land production.'),
(243, 'For officer main to force.', '2023-12-24', 'Raise about mother enough environmental ask lose Mrs loss instead maybe certain.'),
(244, 'Put attack book she other.', '2020-08-11', 'Section truth play smile determine case because wind every clearly whether modern.'),
(245, 'Wrong company name enjoy.', '2021-11-21', 'Which show total too act allow force back.'),
(246, 'Seek agency specific.', '2023-10-13', 'Piece world address dog seat bank into minute action policy national family.'),
(247, 'Interest term development defense.', '2021-01-07', 'Blood that weight find capital sit wonder.'),
(248, 'Page because probably.', '2023-01-28', 'Number first interesting mother size teacher several class evening bag beyond.'),
(249, 'Whom need six pretty.', '2021-02-27', 'Fly prepare message training network far.'),
(250, 'Reality what then.', '2024-07-25', 'This name same step number need itself produce college threat idea first.'),
(251, 'Any design dinner save usually billion.', '2020-11-13', 'Better since play clear hour charge pattern attack machine especially baby get.'),
(252, 'Put same girl.', '2020-10-19', 'Away many national receive method Democrat no view day dark how attack her.'),
(253, 'Agent camera foot deal individual.', '2024-07-19', 'Music hospital I shake late end media.'),
(254, 'Have power short first increase.', '2022-03-01', 'Week perhaps official rest Mr form produce air.'),
(255, 'Resource four water anything result scene anything.', '2021-10-14', 'Head dream section out radio foreign model heart deep nature write wonder.'),
(256, 'Rate baby eat.', '2020-04-16', 'Left several always every picture her speak affect company your building activity ok.'),
(257, 'Blue shake item.', '2024-10-19', 'Service woman mission town evidence reach ago daughter mention.'),
(258, 'Music smile treatment week action quite.', '2023-09-19', 'Popular network already likely pass also mind there event.'),
(259, 'Can line smile lose cold.', '2020-10-11', 'Eat fine both reality ground somebody whether begin eat ever exactly.'),
(260, 'Guy after must push.', '2024-12-24', 'Next card focus wrong yourself herself interesting you sign which guess compare price.'),
(261, 'Which particular worker fact maybe amount.', '2024-01-03', 'Thus strong parent air financial born book tonight organization.'),
(262, 'Ask east prevent rich go.', '2022-04-17', 'Option candidate home break official there heavy current although dinner ability nice old part.'),
(263, 'Executive end party their produce whole.', '2023-12-31', 'Training tax nearly speech hold skill left office clearly prevent.'),
(264, 'Reduce hold this.', '2022-08-01', 'Almost control great election take hand.'),
(265, 'Late color truth remain memory too.', '2020-04-16', 'Light them follow lay right example how.'),
(266, 'Pass under part rock.', '2021-06-16', 'Amount ability manage safe first apply drop others hit.'),
(267, 'Sense Democrat significant although north like.', '2024-10-14', 'Here notice look apply customer again return five wish a population.'),
(268, 'Ago general white help easy.', '2023-02-12', 'Paper interest computer attention owner trial law sign mind agree travel suffer.'),
(269, 'After strategy compare city measure if.', '2024-12-04', 'Break protect style everything partner cup plan.'),
(270, 'Perform miss board.', '2025-02-05', 'Its truth list to garden yes across.'),
(271, 'Audience goal support travel together nation.', '2023-02-27', 'Black positive season task college down pattern.'),
(272, 'Protect available six form husband.', '2021-06-22', 'Machine describe risk attack challenge statement successful owner hear.'),
(273, 'Media easy deal top.', '2022-11-09', 'Purpose page hear rock government suffer.'),
(274, 'Culture customer her personal.', '2020-04-19', 'Tend realize inside company tend toward part history a trial.'),
(275, 'Building opportunity receive meeting paper safe.', '2022-09-14', 'Have return recent quality state school land easy speech.'),
(276, 'Off hand attention laugh.', '2025-02-03', 'Series wear it decision produce enough adult less defense account hold.'),
(277, 'Where property possible enter until.', '2021-02-19', 'Whole course full car six someone.'),
(278, 'West never old performance future.', '2020-07-11', 'Person person old water whether wall.'),
(279, 'Middle quality crime.', '2022-08-22', 'Tonight sister her vote goal power their event line plant way employee hospital.'),
(280, 'Find direction set resource.', '2020-06-26', 'Central majority far option how agency.'),
(281, 'Group woman let gun always thank.', '2022-11-03', 'Affect place back realize assume public most fact make deal subject community she.'),
(282, 'Culture bar nature fall decide.', '2023-08-15', 'Lead others sit become rich move very environmental computer.'),
(283, 'Meet author body.', '2025-01-29', 'Democratic hold heart field truth along rock body bank.'),
(284, 'Happen fight stuff.', '2024-09-16', 'Simple century base management history within fish security degree to leader.'),
(285, 'Require management everybody clear or.', '2021-12-06', 'Image tax money alone guy something establish stuff doctor particular.'),
(286, 'Ok many degree.', '2023-05-31', 'Let prevent personal none television kind still attorney nice quality.'),
(287, 'Develop test behavior television table.', '2024-01-06', 'Charge necessary hard these lay big success turn.'),
(288, 'Fast especially news follow recently.', '2020-04-26', 'May action cut them term democratic prevent above suffer.'),
(289, 'Marriage run color great term light.', '2022-05-07', 'Person avoid pay region friend drive sport investment west bring happen.'),
(290, 'Character agreement imagine.', '2020-04-29', 'Certainly act good particularly first listen old cup someone.'),
(291, 'Home audience safe represent central.', '2023-04-17', 'Old energy adult former organization small speak spring.'),
(292, 'Allow build probably ready central network.', '2022-03-13', 'Respond friend budget special others kid front dog continue possible.'),
(293, 'Clear amount despite start.', '2021-05-02', 'Suffer detail decade reach training rich specific through oil rich stand can.'),
(294, 'Dream husband concern less responsibility everything.', '2022-11-14', 'Instead firm study north trade rule.'),
(295, 'Fast public raise heavy.', '2023-12-10', 'Today cut whose while anyone prove year he many drop current.'),
(296, 'Successful need staff hand.', '2021-02-22', 'Remember sell green century effect prove skin exist enter nice expert small break.'),
(297, 'Each affect these put big need.', '2023-12-13', 'Away group statement class wrong too task song.'),
(298, 'Fine role everything painting.', '2023-11-11', 'Add memory state difficult fall bag approach certainly property huge.'),
(299, 'Expect capital friend agency.', '2022-07-27', 'Son campaign popular way we along game people dinner challenge result.'),
(300, 'Remember blue camera.', '2024-04-04', 'Mouth contain improve want brother be majority.'),
(301, 'Suffer coach where probably step power.', '2023-05-14', 'Military not him consumer vote evening owner.'),
(302, 'Action surface pay someone ready including.', '2023-09-28', 'Tough garden night away low break degree outside only region create father add.'),
(303, 'Or start will assume beat.', '2023-01-06', 'Chance Democrat energy above shake watch maintain process treatment smile director.'),
(304, 'Leader every again particular.', '2022-12-05', 'Myself order its everybody mention only think itself particular character goal.'),
(305, 'Now field door against believe.', '2024-11-21', 'New quickly himself decade realize by.'),
(306, 'Partner unit prepare sort analysis arm.', '2023-07-16', 'You ball could who smile point side particular condition.'),
(307, 'Feel very visit itself white.', '2023-08-07', 'Response sure cause figure statement treatment investment put one huge no rate personal.'),
(308, 'Social night event control.', '2020-02-15', 'Reveal choose be change second hour without article beautiful thousand year.'),
(309, 'Dream worry safe sort make shake.', '2021-05-28', 'Admit mean air event head main.'),
(310, 'Approach chair treatment these beautiful.', '2023-11-18', 'Half wind old main clearly front among apply along appear some whose maintain.'),
(311, 'Federal shoulder upon degree play with.', '2021-11-17', 'Allow process bit method run something difficult wrong political reduce with single.'),
(312, 'Cultural box create.', '2021-09-12', 'Music whose imagine push personal year relationship us local process catch resource.'),
(313, 'Performance certainly partner alone.', '2021-03-22', 'On glass they science value notice hair answer job sport memory board artist.'),
(314, 'Risk particular member second exactly.', '2023-04-27', 'Nice model father hold item quickly.'),
(315, 'Evidence campaign fine.', '2024-07-01', 'Agent property say either expect world lead.'),
(316, 'Never economic sort improve.', '2023-08-11', 'Every lay affect mind left dark lead never section coach painting alone.'),
(317, 'Benefit through she green.', '2020-03-11', 'New culture place our word after professor adult phone former.'),
(318, 'National generation effort personal tonight movie.', '2021-11-02', 'Party per candidate enough development interview before.'),
(319, 'President bank usually understand more establish.', '2022-07-24', 'President those same green practice move whom commercial.'),
(320, 'Guy tell every question safe decade.', '2024-04-08', 'Paper team late moment quality opportunity memory summer any person guess.'),
(321, 'Carry sound yes article take.', '2021-01-20', 'Heart else activity song though task goal picture.'),
(322, 'Study stay without evidence.', '2021-05-22', 'Visit foreign best money positive must medical anything believe type film likely community.'),
(323, 'Policy fish central capital.', '2022-03-06', 'Behavior hand practice ever parent through central.'),
(324, 'Black particularly drop there sport hospital.', '2021-08-30', 'Myself impact hand foreign hundred behavior.'),
(325, 'Specific analysis focus always.', '2022-07-11', 'Most system partner family ability focus provide almost whose marriage.'),
(326, 'Author leg major energy security later.', '2025-01-04', 'Yard eye fire piece provide personal indeed imagine want tough school.'),
(327, 'Son woman soldier.', '2021-05-24', 'Sure industry agency standard real also lose notice west control politics.'),
(328, 'Bag art present possible.', '2024-06-26', 'Individual before send just fish happen only card various many participant.'),
(329, 'Form option finally.', '2024-03-29', 'Society building bill drop report deal modern official news than assume many administration.'),
(330, 'Ok whole school run.', '2021-10-25', 'Edge who like particular take rock month us risk person work.'),
(331, 'Value significant plan.', '2024-02-25', 'Often mind note want either trial audience technology those save half.'),
(332, 'That possible laugh amount wait.', '2024-08-20', 'Everything simple reflect capital movement bag benefit meeting firm lose day guy alone.'),
(333, 'Star guess newspaper.', '2022-01-31', 'Across clear how continue realize shake me.'),
(334, 'We picture debate.', '2021-05-15', 'Catch bag parent dinner radio add apply.'),
(335, 'Stop defense when growth leg ok.', '2020-09-15', 'Institution science during least role player exactly if way style.'),
(336, 'Organization career go performance hot.', '2022-04-21', 'Next clear notice rate well able.'),
(337, 'Friend ten under.', '2021-12-04', 'State name light operation certain write officer detail upon yourself car manage.'),
(338, 'Up herself effect Mr.', '2022-02-02', 'Measure natural weight establish value lay fine shake speak effort hot.'),
(339, 'Interest reflect rule fine not might.', '2023-04-12', 'Loss soon heart must east Mr.'),
(340, 'Camera sign you join team.', '2022-09-18', 'My if successful eat language often every us when.'),
(341, 'Program move fall.', '2023-01-28', 'Republican treatment ago behind bill film look.'),
(342, 'Everybody church provide time go true.', '2022-03-14', 'Charge health type recent relationship decision democratic trial senior wonder race.'),
(343, 'Relate rate perform yes way others.', '2024-06-09', 'Near one model campaign expert travel wall simple third decade break hour.'),
(344, 'Interview parent group.', '2021-12-07', 'Many usually and save gas tonight.'),
(345, 'Should relationship beat property energy set.', '2020-04-29', 'Nearly third consider continue begin carry step interesting note summer actually plan.'),
(346, 'Paper air still.', '2022-01-08', 'Manager mind ten parent tell none education city dream sell.'),
(347, 'Investment police police.', '2023-05-06', 'Than many beautiful enough fear war account fact where.'),
(348, 'It market raise teacher rule bit.', '2020-11-10', 'Some explain others determine push away rock avoid partner nor look.'),
(349, 'Writer respond cut event.', '2021-12-09', 'Return can stop we movie reveal thus arm television.'),
(350, 'Land article TV every wonder positive.', '2020-11-10', 'Usually later yet mouth difference their gun billion.'),
(351, 'Research thing brother field two talk.', '2020-10-18', 'Between size trip morning east on ready suggest particular media laugh another after.'),
(352, 'Cut decision support world.', '2020-01-29', 'Five meet second fear name offer over factor design citizen official main.'),
(353, 'Bad point section pass century opportunity.', '2021-06-29', 'Style reason own list adult under process.'),
(354, 'Medical every campaign.', '2021-08-13', 'Enjoy choice activity service provide rich industry day court rise address mother miss.'),
(355, 'Amount security alone traditional hope parent.', '2023-12-24', 'Study role his draw old unit both happy mission share themselves lead much.'),
(356, 'Field produce level.', '2025-03-31', 'Executive for pressure or along coach.'),
(357, 'Make both step person clear.', '2023-03-22', 'Available fear pick specific first necessary camera machine property tax about.'),
(358, 'Compare describe like.', '2023-05-30', 'But fight event must free behind work write high already table avoid crime.'),
(359, 'Data so two opportunity know special.', '2020-01-22', 'Year economy too shake word out party husband rate tax action.'),
(360, 'Degree PM great magazine arrive watch.', '2021-03-22', 'Total hair important program sister own.'),
(361, 'Cost national way sure theory.', '2020-03-28', 'Their be wear follow news prepare.'),
(362, 'Itself hot write office economy show.', '2022-01-08', 'Certain exactly official however those moment figure offer last in perform.'),
(363, 'Able project rather stay.', '2021-01-23', 'Large partner new week entire pretty stop leg.'),
(364, 'Wear gun they.', '2024-06-25', 'See carry news coach amount size finish ok president vote beautiful many front.'),
(365, 'Rock could treat shake turn.', '2023-09-22', 'Skill civil radio view modern itself table most.'),
(366, 'Begin anything hand.', '2021-08-04', 'Concern cover star inside direction positive physical its choice save around will provide.'),
(367, 'Believe leg cup million.', '2023-07-29', 'Direction word inside life several mean drug station.'),
(368, 'Here then environmental between president interest.', '2024-06-26', 'Allow happen until save scientist marriage child size culture job born.'),
(369, 'Two whose tough.', '2023-01-23', 'View campaign administration reach thousand group stuff age road buy.'),
(370, 'Break second hotel of list.', '2020-04-29', 'Part take time down make sign relationship company sign give either garden.'),
(371, 'Plan identify team.', '2025-01-28', 'Interest senior common down former room.'),
(372, 'Just until high former pull century.', '2022-05-11', 'Use such specific defense his individual sit most watch everything.'),
(373, 'Upon politics cultural Republican sense.', '2020-11-14', 'Perhaps month into deep beat believe service among.'),
(374, 'South us speech.', '2024-08-11', 'Continue customer that perhaps because magazine player.'),
(375, 'Finish personal each stuff teacher.', '2023-12-25', 'Treat movement walk reduce drop finish forward seem gun personal.'),
(376, 'Red international large write top brother.', '2025-01-29', 'Upon remember form word product state many force.'),
(377, 'Third story green.', '2022-02-06', 'Seven apply big eye without character same minute forward country.'),
(378, 'Toward fly pull.', '2024-02-03', 'Today by mother central activity property foreign.'),
(379, 'Ask set should.', '2023-01-18', 'Newspaper Democrat beautiful federal half work matter.'),
(380, 'Understand spring hotel themselves myself who.', '2023-05-14', 'Wide against begin institution than child water industry.'),
(381, 'Rise exactly teacher grow thing how.', '2022-02-17', 'Education knowledge much site must human left international course east rule sense central.'),
(382, 'Form particular soon fear miss.', '2021-08-13', 'Wait improve national themselves spend us film police keep not recognize.'),
(383, 'Morning son attention moment yes.', '2020-11-13', 'Attack Democrat write take number safe though much see southern its walk value.'),
(384, 'Outside ago point thing type.', '2023-03-17', 'Born help answer employee positive what catch above.'),
(385, 'Glass push collection truth.', '2023-01-15', 'Everybody according wind generation risk same mother real pull voice task course policy.'),
(386, 'Ability beyond style management store.', '2022-07-13', 'Red could experience send recently require put strong woman would within always.'),
(387, 'Create child rock major seek significant.', '2021-11-21', 'Return this PM subject hair mind do certainly upon.'),
(388, 'Amount can she.', '2023-05-13', 'Particular evening film where run use produce.'),
(389, 'Research catch little order never best.', '2022-01-22', 'Little party experience everything policy bar involve fish produce pretty light.'),
(390, 'Security offer really need into.', '2022-10-22', 'Source trial wish machine call inside report hand candidate.'),
(391, 'Reduce leave significant.', '2024-09-13', 'Question one vote industry bad look minute.'),
(392, 'Expect get scene scene.', '2022-10-31', 'Traditional so watch reveal century morning push professional form plan clear church.'),
(393, 'Page drive budget country friend majority lawyer.', '2023-09-02', 'Her hope sea mouth sport you item machine everybody allow smile.'),
(394, 'Food management include surface laugh either.', '2024-09-22', 'Realize nice particular put police answer care reduce.'),
(395, 'Prove expect form cause thousand.', '2024-01-17', 'Increase heavy stay per group glass factor commercial writer push together.'),
(396, 'Perhaps unit administration magazine.', '2020-09-10', 'Say middle leg when really manager real edge.'),
(397, 'Not arm concern some off partner.', '2020-07-06', 'Person able thus event physical visit compare just do population even environmental.'),
(398, 'Performance approach property.', '2020-09-09', 'Same discuss walk care yet east executive mother.'),
(399, 'Fill democratic network several pick certain.', '2020-10-08', 'Let artist off why visit others science get star different.'),
(400, 'Suffer would not.', '2022-06-12', 'To whether way accept story clearly already tonight notice follow in environment.');

INSERT INTO Topico (id_topico, nombre_topico) VALUES
(1, 'ciencia'),
(2, 'tecnologia'),
(3, 'arquitectura'),
(4, 'economia'),
(5, 'geografia'),
(6, 'programacion'),
(7, 'comedia'),
(8, 'historia'),
(9, 'educacion'),
(10, 'lenguaje');


/* Relacion Revisor - Especialidad */
INSERT INTO Revisor_Topico (id_revisor, id_topico) VALUES
(1, 2), (1, 7),
(2, 4),
(3, 9), (3, 5),
(4, 1),
(5, 3), (5, 10),
(6, 6),
(7, 8),
(8, 1), (8, 9),
(9, 5),
(10, 2), (10, 7);

/* Relaciona Autor - Articulo*/
INSERT INTO Autor_Articulo(id_autor, id_articulo, es_contacto) VALUES
(1, 1, 1),
(2, 2, 1),
(3, 3, 1),
(4, 4, 1),
(5, 5, 1),
(6, 6, 1),
(7, 7, 1),
(8, 8, 1),
(9, 9, 1),
(10, 10, 1),
(1, 11, 1),
(2, 12, 1),
(3, 13, 1),
(4, 14, 1),
(5, 15, 1),
(6, 16, 1),
(7, 17, 1),
(8, 18, 1),
(9, 19, 1),
(10, 20, 1),
(1, 21, 1),
(2, 22, 1),
(3, 23, 1),
(4, 24, 1),
(5, 25, 1),
(6, 26, 1),
(7, 27, 1),
(8, 28, 1),
(9, 29, 1),
(10, 30, 1),
(1, 31, 1),
(2, 32, 1),
(3, 33, 1),
(4, 34, 1),
(5, 35, 1),
(6, 36, 1),
(7, 37, 1),
(8, 38, 1),
(9, 39, 1),
(10, 40, 1),
(1, 41, 1),
(2, 42, 1),
(3, 43, 1),
(4, 44, 1),
(5, 45, 1),
(6, 46, 1),
(7, 47, 1),
(8, 48, 1),
(9, 49, 1),
(10, 50, 1),
(1, 51, 1),
(2, 52, 1),
(3, 53, 1),
(4, 54, 1),
(5, 55, 1),
(6, 56, 1),
(7, 57, 1),
(8, 58, 1),
(9, 59, 1),
(10, 60, 1),
(1, 61, 1),
(2, 62, 1),
(3, 63, 1),
(4, 64, 1),
(5, 65, 1),
(6, 66, 1),
(7, 67, 1),
(8, 68, 1),
(9, 69, 1),
(10, 70, 1),
(1, 71, 1),
(2, 72, 1),
(3, 73, 1),
(4, 74, 1),
(5, 75, 1),
(6, 76, 1),
(7, 77, 1),
(8, 78, 1),
(9, 79, 1),
(10, 80, 1),
(1, 81, 1),
(2, 82, 1),
(3, 83, 1),
(4, 84, 1),
(5, 85, 1),
(6, 86, 1),
(7, 87, 1),
(8, 88, 1),
(9, 89, 1),
(10, 90, 1),
(1, 91, 1),
(2, 92, 1),
(3, 93, 1),
(4, 94, 1),
(5, 95, 1),
(6, 96, 1),
(7, 97, 1),
(8, 98, 1),
(9, 99, 1),
(10, 100, 1),
(1, 101, 1),
(2, 102, 1),
(3, 103, 1),
(4, 104, 1),
(5, 105, 1),
(6, 106, 1),
(7, 107, 1),
(8, 108, 1),
(9, 109, 1),
(10, 110, 1),
(1, 111, 1),
(2, 112, 1),
(3, 113, 1),
(4, 114, 1),
(5, 115, 1),
(6, 116, 1),
(7, 117, 1),
(8, 118, 1),
(9, 119, 1),
(10, 120, 1),
(1, 121, 1),
(2, 122, 1),
(3, 123, 1),
(4, 124, 1),
(5, 125, 1),
(6, 126, 1),
(7, 127, 1),
(8, 128, 1),
(9, 129, 1),
(10, 130, 1),
(1, 131, 1),
(2, 132, 1),
(3, 133, 1),
(4, 134, 1),
(5, 135, 1),
(6, 136, 1),
(7, 137, 1),
(8, 138, 1),
(9, 139, 1),
(10, 140, 1),
(1, 141, 1),
(2, 142, 1),
(3, 143, 1),
(4, 144, 1),
(5, 145, 1),
(6, 146, 1),
(7, 147, 1),
(8, 148, 1),
(9, 149, 1),
(10, 150, 1),
(1, 151, 1),
(2, 152, 1),
(3, 153, 1),
(4, 154, 1),
(5, 155, 1),
(6, 156, 1),
(7, 157, 1),
(8, 158, 1),
(9, 159, 1),
(10, 160, 1),
(1, 161, 1),
(2, 162, 1),
(3, 163, 1),
(4, 164, 1),
(5, 165, 1),
(6, 166, 1),
(7, 167, 1),
(8, 168, 1),
(9, 169, 1),
(10, 170, 1),
(1, 171, 1),
(2, 172, 1),
(3, 173, 1),
(4, 174, 1),
(5, 175, 1),
(6, 176, 1),
(7, 177, 1),
(8, 178, 1),
(9, 179, 1),
(10, 180, 1),
(1, 181, 1),
(2, 182, 1),
(3, 183, 1),
(4, 184, 1),
(5, 185, 1),
(6, 186, 1),
(7, 187, 1),
(8, 188, 1),
(9, 189, 1),
(10, 190, 1),
(1, 191, 1),
(2, 192, 1),
(3, 193, 1),
(4, 194, 1),
(5, 195, 1),
(6, 196, 1),
(7, 197, 1),
(8, 198, 1),
(9, 199, 1),
(10, 200, 1);

INSERT INTO Articulo_Topico(id_articulo, id_topico) VALUES
(1, 5),
(2, 5),
(2, 2),
(3, 10),
(3, 2),
(4, 1),
(5, 9),
(5, 3),
(6, 3),
(7, 6),
(8, 10),
(9, 9),
(10, 7),
(11, 1),
(12, 7),
(12, 4),
(12, 6),
(13, 8),
(14, 4),
(15, 9),
(16, 5),
(17, 6),
(18, 5),
(19, 9),
(20, 9),
(20, 1),
(21, 10),
(22, 4),
(23, 3),
(24, 2),
(25, 2),
(26, 2),
(27, 9),
(28, 10),
(29, 10),
(30, 10),
(31, 3),
(32, 5),
(33, 6),
(34, 8),
(34, 9),
(35, 2),
(36, 7),
(36, 1),
(37, 3),
(38, 4),
(38, 1),
(39, 7),
(39, 6),
(40, 2),
(41, 2),
(42, 6),
(43, 5),
(44, 3),
(44, 2),
(45, 7),
(46, 5),
(47, 10),
(48, 10),
(49, 6),
(49, 2),
(50, 6),
(50, 9),
(51, 10),
(52, 6),
(53, 10),
(54, 4),
(54, 6),
(55, 4),
(56, 9),
(57, 1),
(58, 3),
(58, 6),
(59, 8),
(59, 10),
(59, 5),
(60, 9),
(60, 7),
(61, 7),
(61, 5),
(62, 3),
(63, 3),
(64, 3),
(65, 10),
(66, 10),
(67, 1),
(68, 5),
(68, 3),
(69, 1),
(70, 7),
(71, 1),
(72, 5),
(73, 1),
(74, 1),
(74, 5),
(75, 2),
(76, 8),
(77, 5),
(78, 1),
(79, 8),
(80, 7),
(81, 1),
(81, 6),
(82, 1),
(82, 4),
(83, 9),
(84, 3),
(84, 4),
(85, 10),
(85, 6),
(86, 9),
(87, 7),
(87, 6),
(88, 6),
(89, 10),
(89, 3),
(90, 4),
(91, 3),
(92, 3),
(93, 10),
(94, 10),
(95, 8),
(96, 7),
(97, 1),
(98, 9),
(98, 8),
(99, 3),
(100, 3),
(101, 10),
(102, 9),
(103, 7),
(103, 2),
(104, 2),
(105, 3),
(106, 6),
(107, 1),
(108, 5),
(109, 10),
(110, 7),
(111, 9),
(112, 10),
(113, 9),
(114, 5),
(115, 7),
(116, 4),
(116, 7),
(117, 7),
(118, 10),
(119, 6),
(120, 3),
(121, 3),
(122, 3),
(123, 7),
(123, 10),
(124, 5),
(125, 2),
(126, 8),
(126, 10),
(127, 2),
(128, 8),
(129, 6),
(129, 2),
(130, 3),
(131, 4),
(132, 3),
(133, 7),
(134, 8),
(135, 3),
(136, 9),
(137, 6),
(137, 7),
(138, 9),
(139, 4),
(140, 2),
(141, 5),
(142, 7),
(143, 4),
(143, 1),
(144, 3),
(145, 2),
(146, 3),
(147, 5),
(148, 7),
(148, 2),
(149, 1),
(150, 2),
(151, 4),
(151, 6),
(152, 4),
(153, 10),
(154, 2),
(155, 6),
(156, 7),
(157, 2),
(157, 5),
(158, 10),
(159, 9),
(160, 2),
(161, 10),
(162, 9),
(163, 7),
(163, 3),
(164, 2),
(165, 8),
(165, 4),
(166, 3),
(167, 2),
(168, 2),
(169, 7),
(170, 2),
(171, 8),
(172, 4),
(173, 5),
(174, 3),
(175, 8),
(176, 2),
(176, 4),
(177, 10),
(178, 6),
(178, 8),
(179, 5),
(180, 8),
(181, 8),
(182, 3),
(183, 3),
(183, 6),
(184, 7),
(185, 6),
(186, 9),
(187, 1),
(187, 7),
(188, 5),
(189, 4),
(189, 2),
(190, 5),
(191, 2),
(192, 1),
(193, 10),
(194, 4),
(195, 4),
(196, 8),
(197, 4),
(198, 9),
(199, 5),
(200, 2),
(201, 10),
(201, 6),
(202, 1),
(203, 2),
(204, 1),
(205, 5),
(206, 2),
(207, 2),
(208, 5),
(209, 7),
(209, 5),
(210, 7),
(211, 8),
(212, 9),
(213, 7),
(214, 10),
(214, 1),
(215, 7),
(216, 9),
(217, 4),
(218, 2),
(218, 7),
(219, 1),
(220, 6),
(220, 9),
(221, 10),
(222, 9),
(223, 8),
(224, 5),
(225, 7),
(226, 4),
(226, 6),
(227, 7),
(227, 1),
(227, 4),
(228, 5),
(229, 3),
(230, 7),
(231, 3),
(232, 1),
(233, 1),
(234, 2),
(234, 6),
(235, 8),
(236, 4),
(237, 2),
(238, 4),
(239, 6),
(240, 6),
(240, 2),
(241, 6),
(242, 7),
(243, 7),
(244, 9),
(245, 7),
(246, 9),
(246, 5),
(247, 2),
(248, 8),
(248, 4),
(249, 1),
(250, 5),
(251, 7),
(252, 3),
(253, 9),
(254, 5),
(255, 3),
(256, 3),
(257, 4),
(258, 9),
(259, 7),
(260, 10),
(260, 8),
(261, 10),
(261, 9),
(262, 8),
(263, 8),
(263, 5),
(264, 4),
(265, 6),
(266, 3),
(267, 5),
(267, 1),
(268, 4),
(269, 6),
(270, 5),
(271, 4),
(271, 2),
(272, 7),
(273, 1),
(274, 1),
(275, 7),
(276, 10),
(277, 8),
(278, 10),
(278, 6),
(279, 1),
(280, 8),
(281, 10),
(281, 2),
(282, 1),
(283, 10),
(283, 2),
(284, 5),
(285, 1),
(286, 7),
(287, 5),
(288, 9),
(288, 6),
(289, 7),
(290, 2),
(291, 9),
(292, 1),
(293, 5),
(294, 4),
(294, 10),
(295, 1),
(296, 10),
(297, 10),
(298, 9),
(299, 10),
(300, 8),
(301, 10),
(301, 6),
(302, 6),
(303, 1),
(304, 3),
(305, 10),
(306, 5),
(307, 6),
(308, 4),
(308, 9),
(309, 9),
(309, 5),
(310, 10),
(311, 8),
(312, 8),
(313, 8),
(314, 9),
(315, 1),
(316, 2),
(317, 5),
(318, 7),
(319, 9),
(320, 9),
(321, 3),
(321, 10),
(322, 3),
(322, 1),
(323, 6),
(323, 10),
(324, 6),
(325, 8),
(326, 10),
(327, 5),
(328, 6),
(329, 10),
(329, 9),
(330, 7),
(330, 4),
(331, 4),
(332, 7),
(333, 9),
(333, 4),
(334, 8),
(335, 7),
(336, 1),
(337, 9),
(337, 7),
(338, 1),
(339, 3),
(340, 1),
(341, 8),
(342, 4),
(342, 5),
(343, 5),
(344, 1),
(345, 2),
(346, 7),
(347, 8),
(348, 4),
(349, 4),
(350, 7),
(351, 10),
(352, 1),
(353, 2),
(354, 1),
(355, 4),
(356, 3),
(357, 7),
(358, 6),
(359, 5),
(359, 8),
(360, 2),
(360, 10),
(361, 6),
(361, 5),
(362, 9),
(363, 7),
(364, 4),
(365, 3),
(366, 2),
(367, 5),
(368, 9),
(368, 7),
(369, 4),
(369, 8),
(370, 3),
(370, 1),
(371, 6),
(371, 3),
(372, 6),
(373, 7),
(374, 10),
(375, 2),
(376, 4),
(377, 1),
(378, 9),
(379, 7),
(380, 10),
(381, 5),
(382, 2),
(383, 8),
(383, 5),
(384, 4),
(385, 3),
(386, 5),
(387, 2),
(388, 6),
(388, 1),
(389, 9),
(390, 2),
(391, 1),
(392, 6),
(393, 7),
(394, 5),
(394, 3),
(395, 6),
(396, 7),
(397, 4),
(398, 3),
(399, 2),
(400, 3);

INSERT INTO Articulo_Revisor(id_articulo, id_revisor) VALUES
(1, 1),
(1, 2),
(1, 3),
(2, 4),
(2, 5),
(2, 6),
(3, 7),
(3, 8),
(3, 9),
(4, 10),
(4, 1),
(4, 2),
(5, 3),
(5, 4),
(5, 5),
(6, 6),
(6, 7),
(6, 8),
(7, 9),
(7, 10),
(7, 1),
(8, 2),
(8, 3),
(8, 4),
(9, 5),
(9, 6),
(9, 7),
(10, 8),
(10, 9),
(10, 10),
(11, 1),
(11, 2),
(11, 3),
(12, 4),
(12, 5),
(12, 6),
(13, 7),
(13, 8),
(13, 9),
(14, 10),
(14, 1),
(14, 2),
(15, 3),
(15, 4),
(15, 5),
(16, 6),
(16, 7),
(16, 8),
(17, 9),
(17, 10),
(17, 1),
(18, 2),
(18, 3),
(18, 4),
(19, 5),
(19, 6),
(19, 7),
(20, 8),
(20, 9),
(20, 10),
(21, 1),
(21, 2),
(21, 3),
(22, 4),
(22, 5),
(22, 6),
(23, 7),
(23, 8),
(23, 9),
(24, 10),
(24, 1),
(24, 2),
(25, 3),
(25, 4),
(25, 5),
(26, 6),
(26, 7),
(26, 8),
(27, 9),
(27, 10),
(27, 1),
(28, 2),
(28, 3),
(28, 4),
(29, 5),
(29, 6),
(29, 7),
(30, 8),
(30, 9),
(30, 10),
(31, 1),
(31, 2),
(31, 3),
(32, 4),
(32, 5),
(32, 6),
(33, 7),
(33, 8),
(33, 9),
(34, 10),
(34, 1),
(34, 2),
(35, 3),
(35, 4),
(35, 5),
(36, 6),
(36, 7),
(36, 8),
(37, 9),
(37, 10),
(37, 1),
(38, 2),
(38, 3),
(38, 4),
(39, 5),
(39, 6),
(39, 7),
(40, 8),
(40, 9),
(40, 10),
(41, 1),
(41, 2),
(41, 3),
(42, 4),
(42, 5),
(42, 6),
(43, 7),
(43, 8),
(43, 9),
(44, 10),
(44, 1),
(44, 2),
(45, 3),
(45, 4),
(45, 5),
(46, 6),
(46, 7),
(46, 8),
(47, 9),
(47, 10),
(47, 1),
(48, 2),
(48, 3),
(48, 4),
(49, 5),
(49, 6),
(49, 7),
(50, 8),
(50, 9),
(50, 10),
(51, 1),
(51, 2),
(51, 3),
(52, 4),
(52, 5),
(52, 6),
(53, 7),
(53, 8),
(53, 9),
(54, 10),
(54, 1),
(54, 2),
(55, 3),
(55, 4),
(55, 5),
(56, 6),
(56, 7),
(56, 8),
(57, 9),
(57, 10),
(57, 1),
(58, 2),
(58, 3),
(58, 4),
(59, 5),
(59, 6),
(59, 7),
(60, 8),
(60, 9),
(60, 10),
(61, 1),
(61, 2),
(61, 3),
(62, 4),
(62, 5),
(62, 6),
(63, 7),
(63, 8),
(63, 9),
(64, 10),
(64, 1),
(64, 2),
(65, 3),
(65, 4),
(65, 5),
(66, 6),
(66, 7),
(66, 8),
(67, 9),
(67, 10),
(67, 1),
(68, 2),
(68, 3),
(68, 4),
(69, 5),
(69, 6),
(69, 7),
(70, 8),
(70, 9),
(70, 10),
(71, 1),
(71, 2),
(71, 3),
(72, 4),
(72, 5),
(72, 6),
(73, 7),
(73, 8),
(73, 9),
(74, 10),
(74, 1),
(74, 2),
(75, 3),
(75, 4),
(75, 5),
(76, 6),
(76, 7),
(76, 8),
(77, 9),
(77, 10),
(77, 1),
(78, 2),
(78, 3),
(78, 4),
(79, 5),
(79, 6),
(79, 7),
(80, 8),
(80, 9),
(80, 10),
(81, 1),
(81, 2),
(81, 3),
(82, 4),
(82, 5),
(82, 6),
(83, 7),
(83, 8),
(83, 9),
(84, 10),
(84, 1),
(84, 2),
(85, 3),
(85, 4),
(85, 5),
(86, 6),
(86, 7),
(86, 8),
(87, 9),
(87, 10),
(87, 1),
(88, 2),
(88, 3),
(88, 4),
(89, 5),
(89, 6),
(89, 7),
(90, 8),
(90, 9),
(90, 10),
(91, 1),
(91, 2),
(91, 3),
(92, 4),
(92, 5),
(92, 6),
(93, 7),
(93, 8),
(93, 9),
(94, 10),
(94, 1),
(94, 2),
(95, 3),
(95, 4),
(95, 5),
(96, 6),
(96, 7),
(96, 8),
(97, 9),
(97, 10),
(97, 1),
(98, 2),
(98, 3),
(98, 4),
(99, 5),
(99, 6),
(99, 7),
(100, 8),
(100, 9),
(100, 10),
(101, 1),
(101, 2),
(101, 3),
(102, 4),
(102, 5),
(102, 6),
(103, 7),
(103, 8),
(103, 9),
(104, 10),
(104, 1),
(104, 2),
(105, 3),
(105, 4),
(105, 5),
(106, 6),
(106, 7),
(106, 8),
(107, 9),
(107, 10),
(107, 1),
(108, 2),
(108, 3),
(108, 4),
(109, 5),
(109, 6),
(109, 7),
(110, 8),
(110, 9),
(110, 10),
(111, 1),
(111, 2),
(111, 3),
(112, 4),
(112, 5),
(112, 6),
(113, 7),
(113, 8),
(113, 9),
(114, 10),
(114, 1),
(114, 2),
(115, 3),
(115, 4),
(115, 5),
(116, 6),
(116, 7),
(116, 8),
(117, 9),
(117, 10),
(117, 1),
(118, 2),
(118, 3),
(118, 4),
(119, 5),
(119, 6),
(119, 7),
(120, 8),
(120, 9),
(120, 10),
(121, 1),
(121, 2),
(121, 3),
(122, 4),
(122, 5),
(122, 6),
(123, 7),
(123, 8),
(123, 9),
(124, 10),
(124, 1),
(124, 2),
(125, 3),
(125, 4),
(125, 5),
(126, 6),
(126, 7),
(126, 8),
(127, 9),
(127, 10),
(127, 1),
(128, 2),
(128, 3),
(128, 4),
(129, 5),
(129, 6),
(129, 7),
(130, 8),
(130, 9),
(130, 10),
(131, 1),
(131, 2),
(131, 3),
(132, 4),
(132, 5),
(132, 6),
(133, 7),
(133, 8),
(133, 9),
(134, 10),
(134, 1),
(134, 2),
(135, 3),
(135, 4),
(135, 5),
(136, 6),
(136, 7),
(136, 8),
(137, 9),
(137, 10),
(137, 1),
(138, 2),
(138, 3),
(138, 4),
(139, 5),
(139, 6),
(139, 7),
(140, 8),
(140, 9),
(140, 10),
(141, 1),
(141, 2),
(141, 3),
(142, 4),
(142, 5),
(142, 6),
(143, 7),
(143, 8),
(143, 9),
(144, 10),
(144, 1),
(144, 2),
(145, 3),
(145, 4),
(145, 5),
(146, 6),
(146, 7),
(146, 8),
(147, 9),
(147, 10),
(147, 1),
(148, 2),
(148, 3),
(148, 4),
(149, 5),
(149, 6),
(149, 7),
(150, 8),
(150, 9),
(150, 10),
(151, 1),
(151, 2),
(151, 3),
(152, 4),
(152, 5),
(152, 6),
(153, 7),
(153, 8),
(153, 9),
(154, 10),
(154, 1),
(154, 2),
(155, 3),
(155, 4),
(155, 5),
(156, 6),
(156, 7),
(156, 8),
(157, 9),
(157, 10),
(157, 1),
(158, 2),
(158, 3),
(158, 4),
(159, 5),
(159, 6),
(159, 7),
(160, 8),
(160, 9),
(160, 10),
(161, 1),
(161, 2),
(161, 3),
(162, 4),
(162, 5),
(162, 6),
(163, 7),
(163, 8),
(163, 9),
(164, 10),
(164, 1),
(164, 2),
(165, 3),
(165, 4),
(165, 5),
(166, 6),
(166, 7),
(166, 8),
(167, 9),
(167, 10),
(167, 1),
(168, 2),
(168, 3),
(168, 4),
(169, 5),
(169, 6),
(169, 7),
(170, 8),
(170, 9),
(170, 10),
(171, 1),
(171, 2),
(171, 3),
(172, 4),
(172, 5),
(172, 6),
(173, 7),
(173, 8),
(173, 9),
(174, 10),
(174, 1),
(174, 2),
(175, 3),
(175, 4),
(175, 5),
(176, 6),
(176, 7),
(176, 8),
(177, 9),
(177, 10),
(177, 1),
(178, 2),
(178, 3),
(178, 4),
(179, 5),
(179, 6),
(179, 7),
(180, 8),
(180, 9),
(180, 10),
(181, 1),
(181, 2),
(181, 3),
(182, 4),
(182, 5),
(182, 6),
(183, 7),
(183, 8),
(183, 9),
(184, 10),
(184, 1),
(184, 2),
(185, 3),
(185, 4),
(185, 5),
(186, 6),
(186, 7),
(186, 8),
(187, 9),
(187, 10),
(187, 1),
(188, 2),
(188, 3),
(188, 4),
(189, 5),
(189, 6),
(189, 7),
(190, 8),
(190, 9),
(190, 10),
(191, 1),
(191, 2),
(191, 3),
(192, 4),
(192, 5),
(192, 6),
(193, 7),
(193, 8),
(193, 9),
(194, 10),
(194, 1),
(194, 2),
(195, 3),
(195, 4),
(195, 5),
(196, 6),
(196, 7),
(196, 8),
(197, 9),
(197, 10),
(197, 1),
(198, 2),
(198, 3),
(198, 4),
(199, 5),
(199, 6),
(199, 7),
(200, 8),
(200, 9),
(200, 10);