SET FOREIGN_KEY_CHECKS = 0;
DELETE FROM Articulo_Revisor;
DELETE FROM Revisor;
DELETE FROM Usuario;

SET FOREIGN_KEY_CHECKS = 1;

-- Inserts para la tabla Usuario
INSERT INTO Usuario (rut, nombre, email, usuario, password, tipo) VALUES
('49279178-9', 'Elizabeth Ho', 'elizabeth.ho@lester.com', 'elizabeth18', 'n5^cWlz_&QRF', 'Autor'),
('52738326-9', 'Martin Smith', 'martin.smith@wallace.com', 'martin59', '(1EOA2r0cZrz', 'Autor'),
('56975081-8', 'Ebony Adams', 'ebony.adams@gray.info', 'ebony46', 'Cc7e!0DYN&0W', 'Revisor'),
('65448476-1', 'Stacie Caldwell', 'stacie.caldwell@gray-barnes.com', 'stacie11', '4Ji%0eq_*21A', 'Jefe Comite de Programa'),
('92217764-8', 'Michelle Weeks', 'michelle.weeks@gonzales.com', 'michelle45', '#7NO!w*wl7S)', 'Revisor'),
('30948549-4', 'Victor Diaz', 'victor.diaz@garza.com', 'victor73', '^9LKBov6@86o', 'Revisor'),
('25466680-0', 'Tommy Roberts', 'tommy.roberts@villegas.com', 'tommy14', 'M47!ZL*s!#x2', 'Revisor'),
('27906118-3', 'Heidi Clark', 'heidi.clark@lane.com', 'heidi68', 'mLoEgQ)l+8c2', 'Autor'),
('18641400-2', 'Aaron Williams', 'aaron.williams@johnston.net', 'aaron71', 't)^!0GSw6(&r', 'Autor'),
('61316633-0', 'Dustin Castaneda', 'dustin.castaneda@francis.biz', 'dustin50', '%(85K6Eb9xYx', 'Revisor'),
('32457311-7', 'Revisor 1', 'revisor1@example.com', 'revisor1', 'password123', 'Revisor'),
('60126353-4', 'Revisor 2', 'revisor2@example.com', 'revisor2', 'password123', 'Revisor'),
('78487719-5', 'Revisor 3', 'revisor3@example.com', 'revisor3', 'password123', 'Revisor'),
('10032840-0', 'Revisor 4', 'revisor4@example.com', 'revisor4', 'password123', 'Revisor'),
('23188467-6', 'Revisor 5', 'revisor5@example.com', 'revisor5', 'password123', 'Revisor');

-- Inserts para la tabla Autor
INSERT INTO Autor (rut) VALUES
('49279178-9'),
('52738326-9'),
('27906118-3'),
('18641400-2');

-- Inserts para la tabla Revisor
INSERT INTO Revisor (rut) VALUES
('56975081-8'),
('92217764-8'),
('30948549-4'),
('25466680-0'),
('61316633-0');

-- Inserts para la tabla Topico
INSERT INTO Topico (nombre) VALUES
('Machine Learning'),
('Cloud Computing'),
('Cybersecurity'),
('Data Science'),
('Blockchain'),
('Artificial Intelligence'),
('Big Data'),
('Internet of Things'),
('Quantum Computing'),
('Augmented Reality');

-- Inserts para la tabla Articulo
INSERT INTO Articulo (titulo, resumen, fecha_envio, rut_autor, estado) VALUES
('Since live letter per.', 'Upon degree challenge argue particular follow. Level join hour Mr peace.', '2025-01-10', '52738326-9', 'Rechazado'),
('Too same year turn personal.', 'Describe it tough score card rate address.', '2025-04-04', '18641400-2', 'Rechazado'),
('End important research respond change.', 'Hope nature continue throw season reveal should. Project hundred list camera blood sound issue.', '2024-10-23', '18641400-2', 'En revisión'),
('With close tonight.', 'While notice pass avoid.', '2025-03-25', '52738326-9', 'En revisión'),
('Letter design approach treat top.', 'Chair line indeed again at. Government beautiful between threat. Hot body try add collection.', '2025-01-29', '49279178-9', 'En revisión'),
('Resource base my seat.', 'Involve per this. Value staff popular fund why difference. Agency song produce room.', '2025-05-15', '52738326-9', 'Rechazado'),
('Computer why place.', 'Capital party he three. Billion series minute maybe camera. Tax never almost range.', '2024-07-22', '18641400-2', 'En revisión'),
('Same degree seat.', 'Sport will usually song memory far home. Talk her trade use between director.', '2024-12-31', '52738326-9', 'En revisión'),
('Only suddenly foot.', 'Onto summer among light Democrat full. Standard player any cell case left would type.', '2024-12-06', '18641400-2', 'En revisión'),
('Be deep south.', 'Police manager stay kitchen region. Agree police study movement subject.', '2025-04-29', '27906118-3', 'Rechazado'),
('Agent region east knowledge.', 'Will trouble per city south picture. Generation old available around book under.', '2024-08-06', '49279178-9', 'Rechazado'),
('Set cup try.', 'Paper brother as course group. State cell find girl watch. Society within system picture.', '2025-01-18', '27906118-3', 'Aprobado'),
('Between establish public there.', 'Deal cold director range interest woman natural growth. Popular despite wind to reality.', '2024-07-02', '18641400-2', 'Rechazado'),
('Hand but up.', 'Particular about minute join himself. Fall officer discussion of few per film.', '2024-05-19', '27906118-3', 'Rechazado'),
('Per level run.', 'Billion report car college explain policy. Look understand cover what.', '2024-08-07', '49279178-9', 'En revisión'),
('Factor as close.', 'Like our activity civil cold.', '2025-03-19', '52738326-9', 'En revisión'),
('Success year city.', 'Including identify again skill recent personal. Feeling light sometimes adult.', '2024-12-01', '52738326-9', 'En revisión'),
('On movie strategy.', 'Writer skin relate other act woman. Dinner theory age him treat.', '2025-01-16', '27906118-3', 'Rechazado'),
('Particular figure go.', 'From service ever control oil. For yourself trial improve theory course other.', '2025-01-16', '18641400-2', 'Aprobado'),
('Fall may.', 'Claim occur citizen. Run wall police even claim specific song.', '2024-10-31', '49279178-9', 'Aprobado'),
('Activity part song PM.', 'Practice clear around rest.
Above plan middle would system. Society help sport rock present send.', '2025-02-20', '18641400-2', 'Rechazado'),
('Determine box TV.', 'Land where next. Fund nearly audience whole. Mother short his air nature. Million rise yes of act.', '2025-03-13', '27906118-3', 'Aprobado'),
('Mind market green rock.', 'Fund else national less charge have. Me prevent new so.', '2025-01-08', '27906118-3', 'Aprobado'),
('Others official.', 'Rock movement religious ago receive. Cell spring hold message major skin. Against fall see.', '2025-03-31', '18641400-2', 'En revisión'),
('Reveal figure news general.', 'Hear nearly teacher letter exist it wall theory.', '2024-08-03', '52738326-9', 'Rechazado'),
('Boy report voice firm.', 'Affect out answer source alone. Big even this.', '2025-04-18', '49279178-9', 'Aprobado'),
('Need commercial when music.', 'Down practice use consumer land it human.', '2025-04-28', '52738326-9', 'Rechazado'),
('Determine end.', 'Now cut body parent. Law community or mind home discuss. Issue ever during poor open sometimes.', '2024-09-04', '49279178-9', 'En revisión'),
('Another let good.', 'Force off same just manage consider. Past though stay half.', '2025-05-03', '52738326-9', 'En revisión'),
('Or charge fight morning experience.', 'Nature manager these. Bit economic strong policy pay ten letter. Situation minute point.', '2025-02-07', '18641400-2', 'Rechazado'),
('Deep article police.', 'Want major us citizen human sit. Action pressure sure white write order.', '2024-06-29', '49279178-9', 'Aprobado'),
('Cup team standard when.', 'Impact population power establish right office. She require star song major poor.', '2024-08-20', '52738326-9', 'Rechazado'),
('Such agency into.', 'Message human sister sit.', '2025-01-01', '18641400-2', 'En revisión'),
('Amount collection create be.', 'Across pick service short she decide a first. Enough trouble continue fish opportunity including.', '2024-07-20', '18641400-2', 'Aprobado'),
('Something clearly about nearly want.', 'Of water hotel manage next.', '2024-11-24', '49279178-9', 'En revisión'),
('Near soon still glass.', 'Say task leader pattern walk determine. Lay century evidence close foreign.', '2025-04-13', '27906118-3', 'En revisión'),
('Citizen exist here.', 'Free understand large effect wife. Republican trade adult. Per record all.', '2024-12-26', '52738326-9', 'Rechazado'),
('Relate sell.', 'Need accept discover single Republican. Discover evening somebody enough plan.', '2025-05-02', '27906118-3', 'Rechazado'),
('Later white.', 'Surface standard throw area team. Later however talk station water onto.', '2025-01-14', '49279178-9', 'Aprobado'),
('Quality develop will.', 'Society turn away realize country help.', '2024-05-27', '49279178-9', 'Rechazado'),
('Poor control role quite word.', 'Green later onto why take appear less. Religious group respond not west. Say size building present.', '2024-06-26', '27906118-3', 'Aprobado'),
('Future of.', 'Sing responsibility news. Yourself himself special Democrat day blood agree.', '2024-12-31', '18641400-2', 'Aprobado'),
('Already try personal up.', 'Science few wife moment nation sell it light.', '2024-09-04', '27906118-3', 'Aprobado'),
('Serious simply left enough.', 'Door change item party. Better remember hit page involve knowledge within image.', '2024-12-15', '18641400-2', 'Rechazado'),
('Free teacher difference make improve.', 'Suddenly each office future huge Mr least be. Some policy probably soldier off up their offer.', '2024-05-21', '18641400-2', 'En revisión'),
('Democrat through.', 'International since heart. Issue research when return clear memory.', '2024-11-10', '18641400-2', 'Aprobado'),
('Each surface seek edge person.', 'Outside significant affect religious.', '2025-04-15', '49279178-9', 'En revisión'),
('Country bed.', 'Price must reveal view receive sometimes new. Business service past out successful tough sea.', '2024-09-24', '27906118-3', 'En revisión'),
('Develop red.', 'Source main question behavior. Method down though member appear someone.', '2024-10-17', '27906118-3', 'Aprobado'),
('Early probably process staff.', 'Activity just sort. Avoid morning commercial ground social table. Democratic drop law ground must.', '2024-09-01', '49279178-9', 'Rechazado');

-- Inserts para la tabla Articulo_Topico
INSERT INTO Articulo_Topico (id_articulo, id_topico) VALUES
(1, 4),
(2, 3),
(3, 1),
(4, 6),
(5, 5),
(6, 5),
(7, 2),
(8, 7),
(9, 7),
(10, 10),
(11, 6),
(12, 2),
(13, 9),
(14, 10),
(15, 5),
(16, 2),
(17, 2),
(18, 6),
(19, 4),
(20, 1),
(21, 7),
(22, 2),
(23, 6),
(24, 5),
(25, 10),
(26, 5),
(27, 1),
(28, 7),
(29, 1),
(30, 10),
(31, 6),
(32, 1),
(33, 1),
(34, 5),
(35, 4),
(36, 1),
(37, 3),
(38, 7),
(39, 9),
(40, 3),
(41, 6),
(42, 6),
(43, 4),
(44, 3),
(45, 3),
(46, 9),
(47, 10),
(48, 4),
(49, 7),
(50, 3);

-- Inserts para la tabla Evaluacion_Articulo
INSERT INTO Evaluacion_Articulo (id_articulo, rut_revisor, resena, calificacion) VALUES
(1, '61316633-0', 'Particular strong argue animal mouth take.', 9),
(2, '30948549-4', 'Article memory activity painting base more position anything garden maintain law bar prepare.', 3),
(3, '56975081-8', 'Note would single these successful serious read represent government.', 7),
(4, '30948549-4', 'Check heavy positive dinner audience life marriage can.', 6),
(5, '30948549-4', 'Where whatever wind task individual keep drop.', 3),
(6, '56975081-8', 'Seem country meeting film American billion show day worker.', 2),
(7, '30948549-4', 'Serve black gun speak seven wind play.', 1),
(8, '25466680-0', 'Return growth old above quality sound seat short.', 3),
(9, '61316633-0', 'Anyone goal political indicate power trial issue own.', 5),
(10, '25466680-0', 'Image hospital miss operation Mr different ago return me child probably key.', 3),
(11, '25466680-0', 'Admit try ability skill information trade behavior important experience perhaps fight peace.', 6),
(12, '92217764-8', 'Culture large professor parent on take reach rock test keep.', 8),
(13, '25466680-0', 'Walk information Mrs to so PM mouth safe.', 6),
(14, '92217764-8', 'Seem student everyone Republican account night take reach social administration generation cold rather.', 9),
(15, '56975081-8', 'Every hundred strategy out hour above cup benefit add.', 8),
(16, '56975081-8', 'Usually deep watch place down key statement live race because politics.', 2),
(17, '25466680-0', 'Next continue after effect find rate behavior trial attention his upon hope.', 10),
(18, '92217764-8', 'Drug one six nature enjoy money how include hair across green.', 1),
(19, '92217764-8', 'Can think sound how could military reality.', 5),
(20, '61316633-0', 'Account window nature system your approach.', 9),
(21, '25466680-0', 'None job present author small we.', 6),
(22, '25466680-0', 'Name new space despite peace issue former store.', 3),
(23, '25466680-0', 'Hope detail crime better choice rise significant value body hot attack mother natural door.', 9),
(24, '25466680-0', 'That worker make through human increase against report water through instead.', 10),
(25, '25466680-0', 'Something computer every break along seat.', 6),
(26, '30948549-4', 'If reason stuff choose stock camera product cultural.', 7),
(27, '30948549-4', 'Kitchen nature artist hot believe east require view international including just small report.', 2),
(28, '61316633-0', 'Those away morning foot our national old among change name.', 10),
(29, '30948549-4', 'Challenge section these break energy site professor into social require speak.', 5),
(30, '25466680-0', 'Her event control try still agent picture statement decade return.', 6),
(31, '30948549-4', 'Professor could media officer star spring line mean could indeed who.', 2),
(32, '30948549-4', 'Result fine far material game everything raise case.', 1),
(33, '56975081-8', 'Common road shoulder parent week over final case.', 4),
(34, '30948549-4', 'Option training million responsibility necessary that along tree example dream.', 8),
(35, '56975081-8', 'Decision large forget often back either.', 5),
(36, '30948549-4', 'Fear institution support message reveal book hot.', 4),
(37, '56975081-8', 'Seek good natural spring establish great position concern blood important cup work teacher.', 1),
(38, '56975081-8', 'Us mission drive discover night from.', 8),
(39, '92217764-8', 'Usually mission west management performance capital clear bit push life draw popular tonight.', 9),
(40, '92217764-8', 'Develop book win alone likely boy seem cost else remember service century believe blue.', 1),
(41, '30948549-4', 'Candidate process tonight too black staff agent I future top avoid add then.', 9),
(42, '30948549-4', 'Medical region Congress apply into technology box third.', 4),
(43, '25466680-0', 'Instead forward see themselves rock recently.', 6),
(44, '92217764-8', 'Such seat notice effort especially member rate structure require particularly.', 4),
(45, '92217764-8', 'Open peace year reason article total.', 3),
(46, '30948549-4', 'Us age building bank plan enjoy need former green stage budget even.', 2),
(47, '92217764-8', 'Lawyer rich action itself level three.', 9),
(48, '56975081-8', 'Red star maybe month sound possible whom respond.', 7),
(49, '25466680-0', 'Five born speak early three drive.', 7),
(50, '92217764-8', 'Bill president fact business raise sister.', 1);

-- Inserts para la tabla Revisor_Topico
INSERT INTO Revisor_Topico (rut_revisor, id_topico) VALUES
('56975081-8', 5),
('92217764-8', 10),
('92217764-8', 4),
('92217764-8', 9),
('30948549-4', 8),
('25466680-0', 5),
('25466680-0', 10),
('25466680-0', 4),
('61316633-0', 1);
-- Inserts para la tabla Autor_Articulo
INSERT INTO Autor_Articulo (id_articulo, rut_autor, es_contacto) VALUES
(1, '27906118-3', 1),
(1, '52738326-9', 0),
(1, '18641400-2', 0),
(2, '49279178-9', 1),
(2, '27906118-3', 0),
(3, '18641400-2', 1),
(3, '27906118-3', 0),
(4, '49279178-9', 1),
(5, '18641400-2', 1),
(6, '27906118-3', 1),
(6, '52738326-9', 0),
(6, '18641400-2', 0),
(7, '18641400-2', 1),
(7, '27906118-3', 0),
(7, '49279178-9', 0),
(8, '18641400-2', 1),
(8, '52738326-9', 0),
(8, '27906118-3', 0),
(9, '49279178-9', 1),
(9, '18641400-2', 0),
(9, '27906118-3', 0),
(10, '52738326-9', 1),
(10, '27906118-3', 0),
(11, '52738326-9', 1),
(11, '18641400-2', 0),
(11, '49279178-9', 0),
(12, '18641400-2', 1),
(12, '27906118-3', 0),
(13, '52738326-9', 1),
(14, '52738326-9', 1),
(15, '18641400-2', 1),
(15, '49279178-9', 0),
(15, '27906118-3', 0),
(16, '18641400-2', 1),
(17, '52738326-9', 1),
(17, '18641400-2', 0),
(17, '49279178-9', 0),
(18, '18641400-2', 1),
(18, '27906118-3', 0),
(19, '27906118-3', 1),
(19, '52738326-9', 0),
(19, '18641400-2', 0),
(20, '52738326-9', 1),
(20, '18641400-2', 0),
(20, '27906118-3', 0),
(21, '27906118-3', 1),
(21, '18641400-2', 0),
(22, '52738326-9', 1),
(23, '52738326-9', 1),
(23, '18641400-2', 0),
(24, '49279178-9', 1),
(24, '52738326-9', 0),
(25, '27906118-3', 1),
(25, '52738326-9', 0),
(25, '18641400-2', 0),
(26, '52738326-9', 1),
(27, '18641400-2', 1),
(27, '27906118-3', 0),
(27, '49279178-9', 0),
(28, '52738326-9', 1),
(29, '49279178-9', 1),
(29, '52738326-9', 0),
(30, '27906118-3', 1),
(31, '27906118-3', 1),
(32, '18641400-2', 1),
(32, '49279178-9', 0),
(32, '27906118-3', 0),
(33, '27906118-3', 1),
(33, '52738326-9', 0),
(33, '18641400-2', 0),
(34, '52738326-9', 1),
(34, '27906118-3', 0),
(35, '52738326-9', 1),
(35, '49279178-9', 0),
(35, '18641400-2', 0),
(36, '49279178-9', 1),
(36, '52738326-9', 0),
(36, '18641400-2', 0),
(37, '49279178-9', 1),
(37, '52738326-9', 0),
(37, '27906118-3', 0),
(38, '49279178-9', 1),
(38, '52738326-9', 0),
(38, '27906118-3', 0),
(39, '27906118-3', 1),
(40, '27906118-3', 1),
(40, '49279178-9', 0),
(40, '18641400-2', 0),
(41, '27906118-3', 1),
(42, '18641400-2', 1),
(43, '49279178-9', 1),
(43, '27906118-3', 0),
(43, '18641400-2', 0),
(44, '52738326-9', 1),
(44, '49279178-9', 0),
(44, '27906118-3', 0),
(45, '18641400-2', 1),
(46, '49279178-9', 1),
(47, '18641400-2', 1),
(47, '27906118-3', 0),
(47, '52738326-9', 0),
(48, '27906118-3', 1),
(48, '18641400-2', 0),
(48, '49279178-9', 0),
(49, '27906118-3', 1),
(49, '18641400-2', 0),
(49, '49279178-9', 0),
(50, '49279178-9', 1),
(50, '27906118-3', 0),
(50, '52738326-9', 0);

-- Inserts para la tabla Articulo_Revisor
INSERT INTO Articulo_Revisor (id_articulo, rut_revisor) VALUES
(1, '92217764-8'),
(1, '25466680-0'),
(3, '61316633-0'),
(5, '56975081-8'),
(5, '25466680-0'),
(6, '56975081-8'),
(10, '25466680-0'),
(10, '92217764-8'),
(13, '92217764-8'),
(14, '25466680-0'),
(15, '25466680-0'),
(15, '56975081-8'),
(19, '25466680-0'),
(19, '92217764-8'),
(20, '61316633-0'),
(24, '56975081-8'),
(25, '25466680-0'),
(25, '92217764-8'),
(26, '25466680-0'),
(26, '56975081-8'),
(27, '61316633-0'),
(29, '61316633-0'),
(30, '25466680-0'),
(32, '61316633-0'),
(33, '61316633-0'),
(34, '25466680-0'),
(35, '92217764-8'),
(35, '25466680-0'),
(36, '61316633-0'),
(39, '92217764-8'),
(43, '25466680-0'),
(43, '92217764-8'),
(46, '92217764-8'),
(47, '25466680-0'),
(47, '92217764-8'),
(48, '92217764-8'),
(48, '25466680-0');

